ticker,desc,currency,min_tx,min_comm,comm_pct,markup_pct,hours,days,section
1COV.DE,Covestro AG,EUR,50,0,0.30%,0.50%,09:00 - 17:30,Mon - Fri,Stock
A.US,Agilent Technologies Inc,USD,50,0,0.30%,0.50%,15:30 - 22:00,Mon - Fri,Stock
A3M.ES,Atresmedia Corp de Medios de Comunicacion SA,EUR,100,0,0.30%,0.50%,09:00 - 17:30,Mon - Fri,Stock
AA.US,Alcoa Corp CFD,USD,50.0,0,0.30%,0.50%,15:30 - 22:00,Mon - Fri,Stock
AAD.DE,Amadeus Fire AG,EUR,50,0,0.30%,0.50%,09:00 - 17:30,Mon - Fri,Stock
AAF.UK,Airtel Africa PLC,GBP,100,0,0.30%,0.50%,09:00 - 17:30,Mon - Fri,Stock
AAL.UK,Anglo American PLC,GBP,100,0,0.30%,0.50%,09:00 - 17:30,Mon - Fri,Stock
AAL.US,American Airlines,USD,50,0,0.30%,0.50%,15:30 - 22:00,Mon - Fri,Stock
AALB.NL,Aalberts Industries NV,EUR,100,0,0.30%,0.50%,09:00 - 17:30,Mon - Fri,Stock
AAP.US,Advance Auto Parts Inc,USD,50,0,0.30%,0.50%,15:30 - 22:00,Mon - Fri,Stock
AAPL.US,Apple Inc,USD,50,0,0.30%,0.50%,15:30 - 22:00,Mon - Fri,Stock
AB.FR,AB Science SA CFD,EUR,50,0,0.30%,0.50%,09:00 - 17:30,Mon - Fri,Stock
ABB.SE,ABB Ltd,SEK,1000,0,0.30%,0.50%,09:00 - 17:25,Mon - Fri,Stock
ABBN.CH,ABB Ltd,CHF,150,0,0.30%,0.50%,09:00 - 17:20,Mon - Fri,Stock
ABBV.US,Abbvie Inc.,USD,50,0,0.30%,0.50%,15:30 - 22:00,Mon - Fri,Stock
ABCA.FR,ABC Arbitrage SA CFD,EUR,50,0,0.30%,0.50%,09:00 - 17:30,Mon - Fri,Stock
ABDN.UK,Abrdn PLC,GBP,100,0,0.30%,0.50%,09:00 - 17:30,Mon - Fri,Stock
ABF.UK,Associated British Foods PLC,GBP,100,0,0.30%,0.50%,09:00 - 17:30,Mon - Fri,Stock
ABG.US,Asbury Automotive Group Inc,USD,50,0,0.30%,0.50%,15:30 - 22:00,Mon - Fri,Stock
ABI.BE,Anheuser-Busch InBev SA/NV,EUR,100,0,0.30%,0.50%,09:00 - 17:30,Mon - Fri,Stock
ABM.US,ABM Industries Inc,USD,50,0,0.30%,0.50%,15:30 - 22:00,Mon - Fri,Stock
ABNB.US,Airbnb Inc - class A,USD,50,0,0.30%,0.50%,15:30 - 22:00,Mon - Fri,Stock
ABR.US,Arbor Realty Trust Inc (Cboe BZX Real-Time Quote),USD,50,0,0.30%,0.50%,15:30 - 22:00,Mon - Fri,Stock
ABT.US,Abbot Laboratories,USD,50,0,0.30%,0.50%,15:30 - 22:00,Mon - Fri,Stock
AC.FR,Accor SA,EUR,50,0,0.30%,0.50%,09:00 - 17:30,Mon - Fri,Stock
ACA.FR,Credit Agricole SA,EUR,50,0,0.30%,0.50%,09:00 - 17:30,Mon - Fri,Stock
ACB.US*,CLOSE ONLY / Aurora Cannabis Inc CFD,USD,50,0,0.30%,0.50%,15:30 - 22:00,Mon - Fri,Stock
ACC.NO*,CLOSE ONLY / Aker Carbon Capture ASA CFD,NOK,1000,0,0.30%,0.50%,09:00 - 16:20,Mon - Fri,Stock
ACGL.US,Arch Capital Group Ltd,USD,100,0,0.30%,0.50%,15:30 - 22:00,Mon - Fri,Stock
ACHR.US,Archer Aviation CFD,USD,50.0,0,0.30%,0.50%,15:30 - 22:00,Mon - Fri,Stock
ACIW.US,ACI Worldwide Inc,USD,50,0,0.30%,0.50%,15:30 - 22:00,Mon - Fri,Stock
ACKB.BE,Ackermans & van Haaren NV,EUR,100,0,0.30%,0.50%,09:00 - 17:30,Mon - Fri,Stock
ACLS.US,Axcelis Technologies Inc,USD,100,0,0.30%,0.50%,15:30 - 22:00,Mon - Fri,Stock
ACM.US,AECOM,USD,50,0,0.30%,0.50%,15:30 - 22:00,Mon - Fri,Stock
ACN.US,Accenture PLC - class A,USD,50,0,0.30%,0.50%,15:30 - 22:00,Mon - Fri,Stock
ACS.ES,ACS Actividades de Construccion y Servicios,EUR,100,0,0.30%,0.50%,09:00 - 17:30,Mon - Fri,Stock
ACX1.ES,Acerinox SA,EUR,100,0,0.30%,0.50%,09:00 - 17:30,Mon - Fri,Stock
AD.NL,Koninklijke Ahold Delhaize NV,EUR,100,0,0.30%,0.50%,09:00 - 17:30,Mon - Fri,Stock
AD.US,Array Digital Infrastructure Inc CFD,USD,50.0,0,0.30%,0.50%,15:30 - 22:00,Mon - Fri,Stock
ADBE.US,Adobe Systems Inc,USD,50,0,0.30%,0.50%,15:30 - 22:00,Mon - Fri,Stock
ADC.US,Agree Realty Corp,USD,50,0,0.30%,0.50%,15:30 - 22:00,Mon - Fri,Stock
ADEA.US,Adeia Inc (Cboe BZX Real-Time Quote),USD,50,0,0.30%,0.50%,15:30 - 22:00,Mon - Fri,Stock
ADEN.CH,Adecco SA,CHF,150,0,0.30%,0.50%,09:00 - 17:20,Mon - Fri,Stock
ADI.US,Analog Devices Inc,USD,50,0,0.30%,0.50%,15:30 - 22:00,Mon - Fri,Stock
ADM.UK,Admiral Group PLC,GBP,100,0,0.30%,0.50%,09:00 - 17:30,Mon - Fri,Stock
ADM.US,Archer-Daniels-Midland Co,USD,50,0,0.30%,0.50%,15:30 - 22:00,Mon - Fri,Stock
ADNT.US,Adient PLC,USD,50,0,0.30%,0.50%,15:30 - 22:00,Mon - Fri,Stock
ADP.FR,Aeroports de Paris,EUR,50,0,0.30%,0.50%,09:00 - 17:30,Mon - Fri,Stock
ADP.US,Automatic Data Processing Inc,USD,50,0,0.30%,0.50%,15:30 - 22:00,Mon - Fri,Stock
ADS.DE,Adidas AG,EUR,50,0,0.30%,0.50%,09:00 - 17:30,Mon - Fri,Stock
ADSK.US,Autodesk Inc,USD,50,0,0.30%,0.50%,15:30 - 22:00,Mon - Fri,Stock
ADTN.US,ADTRAN Inc,USD,50,0,0.30%,0.50%,15:30 - 22:00,Mon - Fri,Stock
AED.BE,Aedifica NV CFD,EUR,100.0,0,0.30%,0.50%,09:00 - 17:30,Mon - Fri,Stock
AEE.US,Ameren Corp,USD,50,0,0.30%,0.50%,15:30 - 22:00,Mon - Fri,Stock
AEM.US,Agnico Eagle Mines Ltd,USD,50,0,0.30%,0.50%,15:30 - 22:00,Mon - Fri,Stock
AENA.ES,Aena SA,EUR,100,0,0.30%,0.50%,09:00 - 17:30,Mon - Fri,Stock
AEP.US,American Electric Power Co Inc,USD,50,0,0.30%,0.50%,15:30 - 22:00,Mon - Fri,Stock
AER.US,AerCap Holdings NV,USD,50,0,0.30%,0.50%,15:30 - 22:00,Mon - Fri,Stock
AF.FR,Air France-KLM,EUR,50,0,0.30%,0.50%,09:00 - 17:30,Mon - Fri,Stock
AFG.US,American Financial Group Inc,USD,50,0,0.30%,0.50%,15:30 - 22:00,Mon - Fri,Stock
AFL.US,Aflac Inc,USD,50,0,0.30%,0.50%,15:30 - 22:00,Mon - Fri,Stock
AFRM.US,Affirm Holdings Inc - class A,USD,50,0,0.30%,0.50%,15:30 - 22:00,Mon - Fri,Stock
AFX.DE,Carl Zeiss Meditec AG,EUR,50,0,0.30%,0.50%,09:00 - 17:30,Mon - Fri,Stock
AG1.DE,AUTO1 Group SE CFD,EUR,50.0,0,0.30%,0.50%,09:00 - 17:30,Mon - Fri,Stock
AGCO.US,AGCO Corp,USD,50,0,0.30%,0.50%,15:30 - 22:00,Mon - Fri,Stock
AGIO.US,Agios Pharmaceuticals Inc,USD,50,0,0.30%,0.50%,15:30 - 22:00,Mon - Fri,Stock
AGL.US,agilon health inc,USD,100,0,0.30%,0.50%,15:30 - 22:00,Mon - Fri,Stock
AGN.NL,Aegon NV,EUR,100,0,0.30%,0.50%,09:00 - 17:30,Mon - Fri,Stock
AGNC.US,AGNC Investment Corp,USD,50,0,0.30%,0.50%,15:30 - 22:00,Mon - Fri,Stock
AGS.BE,Ageas,EUR,100,0,0.30%,0.50%,09:00 - 17:30,Mon - Fri,Stock
AGX.US,Argan Inc CFD,USD,50.0,0,0.30%,0.50%,15:30 - 22:00,Mon - Fri,Stock
AGYS.US,Agilysys Inc,USD,50,0,0.30%,0.50%,15:30 - 22:00,Mon - Fri,Stock
AI.FR,Air Liquide SA,EUR,50,0,0.30%,0.50%,09:00 - 17:30,Mon - Fri,Stock
AI.US,C3Ai Inc - class A,USD,50,0,0.30%,0.50%,15:30 - 22:00,Mon - Fri,Stock
AIG.US,American International Group Inc,USD,50,0,0.30%,0.50%,15:30 - 22:00,Mon - Fri,Stock
AIN.US,Albany International Corp,USD,50,0,0.30%,0.50%,15:30 - 22:00,Mon - Fri,Stock
AIR.DE,Airbus Group NV,EUR,50,0,0.30%,0.50%,09:00 - 17:30,Mon - Fri,Stock
AIR.ES,Airbus SE,EUR,100,0,0.30%,0.50%,09:00 - 17:30,Mon - Fri,Stock
AIR.FR,Airbus Group NV,EUR,50,0,0.30%,0.50%,09:00 - 17:30,Mon - Fri,Stock
AIT.US,Applied Industrial Technologies Inc,USD,100,0,0.30%,0.50%,15:30 - 22:00,Mon - Fri,Stock
AIXA.DE,AIXTRON SE,EUR,50,0,0.30%,0.50%,09:00 - 17:30,Mon - Fri,Stock
AIZ.US,Assurant Inc,USD,50,0,0.30%,0.50%,15:30 - 22:00,Mon - Fri,Stock
AJG.US,Arthur J Gallagher & Co,USD,50,0,0.30%,0.50%,15:30 - 22:00,Mon - Fri,Stock
AKAM.US,Akamai Technologies Inc,USD,50,0,0.30%,0.50%,15:30 - 22:00,Mon - Fri,Stock
AKBA.US,Akebia Therapeutics Inc,USD,50,0,0.30%,0.50%,15:30 - 22:00,Mon - Fri,Stock
AKE.FR,Arkema SA,EUR,50,0,0.30%,0.50%,09:00 - 17:30,Mon - Fri,Stock
AKER.NO,Aker ASA,NOK,1000,0,0.30%,0.50%,09:00 - 16:20,Mon - Fri,Stock
AKERBP.NO,Aker BP ASA,NOK,1000,0,0.30%,0.50%,09:00 - 16:20,Mon - Fri,Stock
AKH.NO*,CLOSE ONLY / Aker Horizons ASA CFD,NOK,1000,0,0.30%,0.50%,09:00 - 16:20,Mon - Fri,Stock
AKW.FR,Akwel SA CFD,EUR,50,0,0.30%,0.50%,09:00 - 17:30,Mon - Fri,Stock
AKZA.NL,Akzo Nobel NV CFD,EUR,100,0,0.30%,0.50%,09:00 - 17:30,Mon - Fri,Stock
ALB.US,Albemarle Corp,USD,50,0,0.30%,0.50%,15:30 - 22:00,Mon - Fri,Stock
ALC.CH,Alcon Inc,CHF,150,0,0.30%,0.50%,09:00 - 17:20,Mon - Fri,Stock
ALD.FR,ALD SA,EUR,50,0,0.30%,0.50%,09:00 - 17:30,Mon - Fri,Stock
ALFA.SE,Alfa Laval AB,SEK,1000,0,0.30%,0.50%,09:00 - 17:25,Mon - Fri,Stock
ALFEN.NL,Alfen NV,EUR,100,0,0.30%,0.50%,09:00 - 17:30,Mon - Fri,Stock
ALGM.US,Allegro Microsystems Inc,USD,50,0,0.30%,0.50%,15:30 - 22:00,Mon - Fri,Stock
ALGN.US,Align Technology Inc,USD,50,0,0.30%,0.50%,15:30 - 22:00,Mon - Fri,Stock
ALGT.US,Allegiant Travel Co,USD,50,0,0.30%,0.50%,15:30 - 22:00,Mon - Fri,Stock
ALHC.US,Alignment Healthcare Inc,USD,50,0,0.30%,0.50%,15:30 - 22:00,Mon - Fri,Stock
ALK.US,Alaska Air Group Inc,USD,50,0,0.30%,0.50%,15:30 - 22:00,Mon - Fri,Stock
ALKB.DK,ALK-Abello A/S - class B CFD,DKK,1000,0,0.30%,0.50%,09:00 - 16:55,Mon - Fri,Stock
ALKS.US,Alkermes PLC,USD,50,0,0.30%,0.50%,15:30 - 22:00,Mon - Fri,Stock
ALL.US,Allstate Corp,USD,50,0,0.30%,0.50%,15:30 - 22:00,Mon - Fri,Stock
ALLE.US,Allegion PLC,USD,50,0,0.30%,0.50%,15:30 - 22:00,Mon - Fri,Stock
ALLEI.SE,Alleima AB CFD,SEK,1000,0,0.30%,0.50%,09:00 - 17:25,Mon - Fri,Stock
ALLFG.NL,Allfunds Group PLC CFD,EUR,100,0,0.30%,0.50%,09:00 - 17:30,Mon - Fri,Stock
ALM.ES,Almirall SA,EUR,100,0,0.30%,0.50%,09:00 - 17:30,Mon - Fri,Stock
ALM.US,Almonty Industries Inc CFD,USD,50.0,0,0.30%,0.50%,15:30 - 22:00,Mon - Fri,Stock
ALNT.ES,Alantra Partners SA CFD,EUR,100.0,0,0.30%,0.50%,09:00 - 17:30,Mon - Fri,Stock
ALNY.US,Alnylam Pharmaceuticals Inc,USD,50,0,0.30%,0.50%,15:30 - 22:00,Mon - Fri,Stock
ALO.FR,Alstom SA,EUR,50,0,0.30%,0.50%,09:00 - 17:30,Mon - Fri,Stock
ALRM.US,Alarm.com Holdings Inc CFD,USD,50.0,0,0.30%,0.50%,15:30 - 22:00,Mon - Fri,Stock
ALSN.US,Allison Transmission Holdings Inc CFD,USD,50.0,0,0.30%,0.50%,15:30 - 22:00,Mon - Fri,Stock
ALTA.FR,Altarea SCA CFD,EUR,50.0,0,0.30%,0.50%,09:00 - 17:30,Mon - Fri,Stock
ALTR.PT,Altri SGPS SA,EUR,100,0,0.30%,0.50%,09:00 - 17:30,Mon - Fri,Stock
ALV.DE,Allianz AG,EUR,50,0,0.30%,0.50%,09:00 - 17:30,Mon - Fri,Stock
ALV.US,Autoliv Inc,USD,100,0,0.30%,0.50%,15:30 - 22:00,Mon - Fri,Stock
ALVO.US,Alvotech SA,USD,50,0,0.30%,0.50%,15:30 - 22:00,Mon - Fri,Stock
AMAT.US,Applied Materials Inc,USD,50,0,0.30%,0.50%,15:30 - 22:00,Mon - Fri,Stock
AMBA.US,Ambarella Inc,USD,50,0,0.30%,0.50%,15:30 - 22:00,Mon - Fri,Stock
AMC.US*,CLOSE ONLY / AMC Entertainment Holdings Inc - class A CFD,USD,50,0,0.30%,0.50%,15:30 - 22:00,Mon - Fri,Stock
AMCR.US,Amcor PLC,USD,50,0,0.30%,0.50%,15:30 - 22:00,Mon - Fri,Stock
AMCX.US,AMC Networks Inc,USD,50,0,0.30%,0.50%,15:30 - 22:00,Mon - Fri,Stock
AMD.US,Advanced Micro Devices Inc,USD,50,0,0.30%,0.50%,15:30 - 22:00,Mon - Fri,Stock
AME.US,AMETEK Inc,USD,50,0,0.30%,0.50%,15:30 - 22:00,Mon - Fri,Stock
AMG.NL,AMG Critical Materials NV CFD,EUR,100,0,0.30%,0.50%,09:00 - 17:30,Mon - Fri,Stock
AMG.US,Affiliated Managers Group Inc,USD,50,0,0.30%,0.50%,15:30 - 22:00,Mon - Fri,Stock
AMGN.US,Amgen Inc,USD,50,0,0.30%,0.50%,15:30 - 22:00,Mon - Fri,Stock
AMKR.US,Amkor Technology Inc,USD,50,0,0.30%,0.50%,15:30 - 22:00,Mon - Fri,Stock
AML.UK,Aston Martin Lagonda Global Holdings PLC,GBP,100,0,0.30%,0.50%,09:00 - 17:30,Mon - Fri,Stock
AMP.ES,Amper SA,EUR,100,0,0.30%,0.50%,09:00 - 17:30,Mon - Fri,Stock
AMP.IT,Amplifon S.p.A,EUR,0,0,0.30%,0.50%,09:00 - 17:30,Mon - Fri,Stock
AMP.US,Ameriprise Financial Inc,USD,50,0,0.30%,0.50%,15:30 - 22:00,Mon - Fri,Stock
AMPH.US,Amphastar Pharmaceuticals Inc,USD,50,0,0.30%,0.50%,15:30 - 22:00,Mon - Fri,Stock
AMR.US,Alpha Metallurgical Resources Inc (Cboe BZX Real-Time Quote),USD,50,0,0.30%,0.50%,15:30 - 22:00,Mon - Fri,Stock
AMRX.US,Amneal Pharmaceuticals Inc,USD,50,0,0.30%,0.50%,15:30 - 22:00,Mon - Fri,Stock
AMRZ.CH,Amrize AG CFD,CHF,150.0,0,0.30%,0.50%,09:00 - 17:20,Mon - Fri,Stock
AMS.CH,ams AG,CHF,150,0,0.30%,0.50%,09:00 - 17:20,Mon - Fri,Stock
AMS.ES,Amadeus IT Holding,EUR,100,0,0.30%,0.50%,09:00 - 17:30,Mon - Fri,Stock
AMSC.US,American Superconductor Corp,USD,50,0,0.30%,0.50%,15:30 - 22:00,Mon - Fri,Stock
AMT.US,American Tower Corp,USD,50,0,0.30%,0.50%,15:30 - 22:00,Mon - Fri,Stock
AMUN.FR,Amundi SA,EUR,50,0,0.30%,0.50%,09:00 - 17:30,Mon - Fri,Stock
AMX.US,America Movil S.A.B. de C.V. - ADR,USD,50,0,0.30%,0.50%,15:30 - 22:00,Mon - Fri,Stock
AMZN.US,Amazon.com Inc,USD,50,0,0.30%,0.50%,15:30 - 22:00,Mon - Fri,Stock
AN.US,AutoNation Inc,USD,50,0,0.30%,0.50%,15:30 - 22:00,Mon - Fri,Stock
ANA.ES,Acciona SA,EUR,100,0,0.30%,0.50%,09:00 - 17:30,Mon - Fri,Stock
ANE.ES,Acciona Energias Renova,EUR,100,0,0.30%,0.50%,09:00 - 17:30,Mon - Fri,Stock
ANGO.US,AngioDynamics Inc,USD,50,0,0.30%,0.50%,15:30 - 22:00,Mon - Fri,Stock
ANTM.US*,CLOSE ONLY / Anthem Inc CFD,USD,50,0,0.30%,0.50%,15:30 - 22:00,Mon - Fri,Stock
ANTO.UK,Antofagasta PLC,GBP,100,0,0.30%,0.50%,09:00 - 17:30,Mon - Fri,Stock
AON.US,AON Corp,USD,50,0,0.30%,0.50%,15:30 - 22:00,Mon - Fri,Stock
AORT.US,Artivion Inc,USD,50,0,0.30%,0.50%,15:30 - 22:00,Mon - Fri,Stock
AOS.US,AO Smith Corp,USD,50,0,0.30%,0.50%,15:30 - 22:00,Mon - Fri,Stock
AOSL.US,Alpha and Omega Semiconductor Ltd,USD,50,0,0.30%,0.50%,15:30 - 22:00,Mon - Fri,Stock
APA.US,Apache Corp,USD,50,0,0.30%,0.50%,15:30 - 22:00,Mon - Fri,Stock
APAM.NL,APERAM,EUR,100,0,0.30%,0.50%,09:00 - 17:30,Mon - Fri,Stock
APAM.US,Artisan Partners Asset Management Inc - class A,USD,50,0,0.30%,0.50%,15:30 - 22:00,Mon - Fri,Stock
APD.US,Air Products & Chemicals Inc,USD,50,0,0.30%,0.50%,15:30 - 22:00,Mon - Fri,Stock
APEI.US,American Public Education Inc,USD,50,0,0.30%,0.50%,15:30 - 22:00,Mon - Fri,Stock
APH.US,Amphenol Corp - class A,USD,50,0,0.30%,0.50%,15:30 - 22:00,Mon - Fri,Stock
APLE.US,Apple Hospitality REIT Inc,USD,50,0,0.30%,0.50%,15:30 - 22:00,Mon - Fri,Stock
APLS.US*,CLOSE ONLY / Apellis Pharmaceuticals Inc,USD,50,0,0.30%,0.50%,15:30 - 22:00,Mon - Fri,Stock
APO.US,Apollo Global Management Inc,USD,50,0,0.30%,0.50%,15:30 - 22:00,Mon - Fri,Stock
APP.US,Applovin Corp - class A,USD,50,0,0.30%,0.50%,15:30 - 22:00,Mon - Fri,Stock
APPS.US,Digital Turbine Inc,USD,50,0,0.30%,0.50%,15:30 - 22:00,Mon - Fri,Stock
APTV.US,Aptiv PLC,USD,50,0,0.30%,0.50%,15:30 - 22:00,Mon - Fri,Stock
AQN.US,Algonquin Power & Utilities Corp,USD,50,0,0.30%,0.50%,15:30 - 22:00,Mon - Fri,Stock
ARCAD.NL,Arcadis NV,EUR,100,0,0.30%,0.50%,09:00 - 17:30,Mon - Fri,Stock
ARCB.US,ArcBest Corp,USD,50,0,0.30%,0.50%,15:30 - 22:00,Mon - Fri,Stock
ARCC.US,Ares Capital Corp,USD,50,0,0.30%,0.50%,15:30 - 22:00,Mon - Fri,Stock
ARE.US,Alexandria Real Estate Equitie,USD,50,0,0.30%,0.50%,15:30 - 22:00,Mon - Fri,Stock
ARES.US,Ares Management Corp CFD,USD,50.0,0,0.30%,0.50%,15:30 - 22:00,Mon - Fri,Stock
ARGX.US,argenx SE,USD,50,0,0.30%,0.50%,15:30 - 22:00,Mon - Fri,Stock
ARI.US,Apollo Commercial Real Estate Finance Inc,USD,50,0,0.30%,0.50%,15:30 - 22:00,Mon - Fri,Stock
ARM.US,Arm Holdings PLC,USD,50,0,0.30%,0.50%,15:30 - 22:00,Mon - Fri,Stock
ARMK.US,Aramark CFD,USD,50.0,0,0.30%,0.50%,15:30 - 22:00,Mon - Fri,Stock
ARQQ.US,Arqit Quantum Inc CFD,USD,50.0,0,0.30%,0.50%,15:30 - 22:00,Mon - Fri,Stock
ARQT.US,Arcutis Biotherapeutics Inc CFD,USD,50.0,0,0.30%,0.50%,15:30 - 22:00,Mon - Fri,Stock
ARW.US,Arrow Electronics Inc,USD,50,0,0.30%,0.50%,15:30 - 22:00,Mon - Fri,Stock
ARWR.US,Arrowhead Pharmaceuticals Inc (Cboe BZX Real-Time Quote),USD,50,0,0.30%,0.50%,15:30 - 22:00,Mon - Fri,Stock
ARYN.CH,Aryzta AG,CHF,150,0,0.30%,0.50%,09:00 - 17:20,Mon - Fri,Stock
ASAN.US,Asana Inc - class A,USD,50,0,0.30%,0.50%,15:30 - 22:00,Mon - Fri,Stock
ASC.UK,ASOS PLC,GBP,100,0,0.30%,0.50%,09:00 - 17:30,Mon - Fri,Stock
ASC.US,Ardmore Shipping Corp,USD,50,0,0.30%,0.50%,15:30 - 22:00,Mon - Fri,Stock
ASGN.US,ASGN Inc,USD,50,0,0.30%,0.50%,15:30 - 22:00,Mon - Fri,Stock
ASH.US,Ashland Inc,USD,50,0,0.30%,0.50%,15:30 - 22:00,Mon - Fri,Stock
ASIX.US,AdvanSix Inc,USD,50,0,0.30%,0.50%,15:30 - 22:00,Mon - Fri,Stock
ASM.NL,ASM International NV,EUR,100,0,0.30%,0.50%,09:00 - 17:30,Mon - Fri,Stock
ASML.NL,ASML Holding NV,EUR,100,0,0.30%,0.50%,09:00 - 17:30,Mon - Fri,Stock
ASML.US,ASML Holding NV - ADR,USD,50,0,0.30%,0.50%,15:30 - 22:00,Mon - Fri,Stock
ASRNL.NL,ASR Nederland NV,EUR,100,0,0.30%,0.50%,09:00 - 17:30,Mon - Fri,Stock
ASSAB.SE,Assa Abloy AB,SEK,1000,0,0.30%,0.50%,09:00 - 17:25,Mon - Fri,Stock
ASTS.US,AST SpaceMobile Inc - class A CFD,USD,50.0,0,0.30%,0.50%,15:30 - 22:00,Mon - Fri,Stock
ASX.US,ASE Technology Holding Co Ltd - ADR,USD,100,0,0.30%,0.50%,15:30 - 22:00,Mon - Fri,Stock
ASY.FR,Assystem SA CFD,EUR,50,0,0.30%,0.50%,09:00 - 17:30,Mon - Fri,Stock
AT1.DE,Aroundtown SA,EUR,50,0,0.30%,0.50%,09:00 - 17:30,Mon - Fri,Stock
ATCOA.SE,Atlas Copco AB,SEK,1000,0,0.30%,0.50%,09:00 - 17:25,Mon - Fri,Stock
ATCOB.SE,Atlas Copco AB,SEK,1000,0,0.30%,0.50%,09:00 - 17:25,Mon - Fri,Stock
ATE.FR,Alten SA,EUR,50,0,0.30%,0.50%,09:00 - 17:30,Mon - Fri,Stock
ATEN.US,A10 Networks Inc CFD,USD,50.0,0,0.30%,0.50%,15:30 - 22:00,Mon - Fri,Stock
ATHM.US,Autohome Inc - ADR,USD,50,0,0.30%,0.50%,15:30 - 22:00,Mon - Fri,Stock
ATKR.US,Atkore Inc,USD,50,0,0.30%,0.50%,15:30 - 22:00,Mon - Fri,Stock
ATO.FR,AtoS,EUR,50,0,0.30%,0.50%,09:00 - 17:30,Mon - Fri,Stock
ATO.US,Atmos Energy Corp,USD,50,0,0.30%,0.50%,15:30 - 22:00,Mon - Fri,Stock
ATR.US,AptarGroup Inc,USD,50,0,0.30%,0.50%,15:30 - 22:00,Mon - Fri,Stock
ATRO.US,Astronics Corp,USD,50,0,0.30%,0.50%,15:30 - 22:00,Mon - Fri,Stock
ATUS.US,Altice USA Inc,USD,50,0,0.30%,0.50%,15:30 - 22:00,Mon - Fri,Stock
AU.US,AngloGold Ashanti Ltd - ADR,USD,50,0,0.30%,0.50%,15:30 - 22:00,Mon - Fri,Stock
AUB.FR,Aubay SA CFD,EUR,50,0,0.30%,0.50%,09:00 - 17:30,Mon - Fri,Stock
AUB.US,Atlantic Union Bankshares Corp,USD,50,0,0.30%,0.50%,15:30 - 22:00,Mon - Fri,Stock
AUTO.UK,Auto Trader Group PLC,GBP,100,0,0.30%,0.50%,09:00 - 17:30,Mon - Fri,Stock
AV.UK,Aviva PLC,GBP,100,0,0.30%,0.50%,09:00 - 17:30,Mon - Fri,Stock
AVAV.US,AeroVironment Inc,USD,100,0,0.30%,0.50%,15:30 - 22:00,Mon - Fri,Stock
AVB.US,AvalonBay Communities Inc,USD,50,0,0.30%,0.50%,15:30 - 22:00,Mon - Fri,Stock
AVGO.US,Avago Technologies Ltd,USD,50,0,0.30%,0.50%,15:30 - 22:00,Mon - Fri,Stock
AVT.FR,Avenir Telecom SA CFD,EUR,50,0,0.30%,0.50%,09:00 - 17:30,Mon - Fri,Stock
AVT.US,Avnet Inc,USD,50,0,0.30%,0.50%,15:30 - 22:00,Mon - Fri,Stock
AVTR.US,Avantor Inc,USD,50,0,0.30%,0.50%,15:30 - 22:00,Mon - Fri,Stock
AVY.US,Avery Dennison Corp,USD,50,0,0.30%,0.50%,15:30 - 22:00,Mon - Fri,Stock
AWI.US,Armstrong World Industries Inc,USD,50,0,0.30%,0.50%,15:30 - 22:00,Mon - Fri,Stock
AWR.US,American States Water Co,USD,100,0,0.30%,0.50%,15:30 - 22:00,Mon - Fri,Stock
AX.US,Axos Financial Inc,USD,50,0,0.30%,0.50%,15:30 - 22:00,Mon - Fri,Stock
AXFO.SE,Axfood AB,SEK,1000,0,0.30%,0.50%,09:00 - 17:25,Mon - Fri,Stock
AXIA1.US,Centrais Eletricas Brasileiras SA - Eletrobras - ADR CFD,USD,50.0,0,0.30%,0.50%,15:30 - 22:00,Mon - Fri,Stock
AXP.US,American Express Co,USD,50,0,0.30%,0.50%,15:30 - 22:00,Mon - Fri,Stock
AXTA.US,Axalta Coating Systems Ltd,USD,50,0,0.30%,0.50%,15:30 - 22:00,Mon - Fri,Stock
AYI.US,Acuity Brands Inc,USD,50,0,0.30%,0.50%,15:30 - 22:00,Mon - Fri,Stock
AZA.SE,Avanza Bank Holding AB,SEK,1000,0,0.30%,0.50%,09:00 - 17:25,Mon - Fri,Stock
AZM.IT,Azimut Holding SpA,EUR,0,0,0.30%,0.50%,09:00 - 17:30,Mon - Fri,Stock
AZN.SE,AstraZeneca PLC,SEK,1000,0,0.30%,0.50%,09:00 - 17:25,Mon - Fri,Stock
AZN.UK,AstraZeneca PLC,GBP,100,0,0.30%,0.50%,09:00 - 17:30,Mon - Fri,Stock
AZN.US,AstraZeneca PLC - ADR,USD,50,0,0.30%,0.50%,15:30 - 22:00,Mon - Fri,Stock
AZO.US,AutoZone Inc,USD,50,0,0.30%,0.50%,15:30 - 22:00,Mon - Fri,Stock
AZTA.US,Azenta Inc,USD,50,0,0.30%,0.50%,15:30 - 22:00,Mon - Fri,Stock
B4B.DE*,CLOSE ONLY / METRO AG CFD,EUR,50,0,0.30%,0.50%,09:00 - 17:30,Mon - Fri,Stock
BA.UK,BAE Systems PLC,GBP,100,0,0.30%,0.50%,09:00 - 17:30,Mon - Fri,Stock
BA.US,Boeing Co,USD,50,0,0.30%,0.50%,15:30 - 22:00,Mon - Fri,Stock
BAB.UK,Babcock International Group,GBP,100,0,0.30%,0.50%,09:00 - 17:30,Mon - Fri,Stock
BABA.US,Alibaba - ADR,USD,50,0,0.30%,0.50%,15:30 - 22:00,Mon - Fri,Stock
BAC.US,Bank of America Corp,USD,50,0,0.30%,0.50%,15:30 - 22:00,Mon - Fri,Stock
BAER.CH,Julius Baer Group Ltd,CHF,150,0,0.30%,0.50%,09:00 - 17:20,Mon - Fri,Stock
BAK.US,Braskem SA,USD,50,0,0.30%,0.50%,15:30 - 22:00,Mon - Fri,Stock
BAKKA.NO,Bakkafrost P/F,NOK,1000,0,0.30%,0.50%,09:00 - 16:20,Mon - Fri,Stock
BALL.US,Ball Corp,USD,50,0,0.30%,0.50%,15:30 - 22:00,Mon - Fri,Stock
BAMI.IT,Banco BPM SpA,EUR,0,0,0.30%,0.50%,09:00 - 17:30,Mon - Fri,Stock
BAND.US,Bandwidth Inc - class A,USD,50,0,0.30%,0.50%,15:30 - 22:00,Mon - Fri,Stock
BAP.US,Credicorp Ltd,USD,50,0,0.30%,0.50%,15:30 - 22:00,Mon - Fri,Stock
BAR.BE,Barco NV,EUR,100,0,0.30%,0.50%,09:00 - 17:30,Mon - Fri,Stock
BARC.UK,Barclays PLC,GBP,100,0,0.30%,0.50%,09:00 - 17:30,Mon - Fri,Stock
BARN.CH,Barry Callebaut AG,CHF,150,0,0.30%,0.50%,09:00 - 17:20,Mon - Fri,Stock
BAS.DE,BASF SE,EUR,50,0,0.30%,0.50%,09:00 - 17:30,Mon - Fri,Stock
BATRK.US,Atlanta Braves Holdings Inc,USD,100,0,0.30%,0.50%,15:30 - 22:00,Mon - Fri,Stock
BATS.UK,British American Tobacco PLC,GBP,100,0,0.30%,0.50%,09:00 - 17:30,Mon - Fri,Stock
BAVA.DK,Bavarian Nordic A/S,DKK,1000,0,0.30%,0.50%,09:00 - 16:55,Mon - Fri,Stock
BAX.US,Baxter International Inc,USD,50,0,0.30%,0.50%,15:30 - 22:00,Mon - Fri,Stock
BAYN.DE,Bayer AG,EUR,50,0,0.30%,0.50%,09:00 - 17:30,Mon - Fri,Stock
BB.FR,Societe BIC SA,EUR,50,0,0.30%,0.50%,09:00 - 17:30,Mon - Fri,Stock
BBAR.US,Banco Bbva Argentina SA,USD,50,0,0.30%,0.50%,15:30 - 22:00,Mon - Fri,Stock
BBOX.UK,Tritax Big Box Reit PLC,GBP,100,0,0.30%,0.50%,09:00 - 17:30,Mon - Fri,Stock
BBVA.ES,BBVA,EUR,100,0,0.30%,0.50%,09:00 - 17:30,Mon - Fri,Stock
BBVA.US,Banco Bilbao Vizcaya Argentaria SA CFD,USD,50.0,0,0.30%,0.50%,15:30 - 22:00,Mon - Fri,Stock
BBW.US,Build-A-Bear Workshop Inc,USD,50,0,0.30%,0.50%,15:30 - 22:00,Mon - Fri,Stock
BBWI.US,Bath & Body Works Inc,USD,50,0,0.30%,0.50%,15:30 - 22:00,Mon - Fri,Stock
BBY.UK,Balfour Beatty PLC,GBP,100,0,0.30%,0.50%,09:00 - 17:30,Mon - Fri,Stock
BBY.US,Best Buy Co Inc,USD,50,0,0.30%,0.50%,15:30 - 22:00,Mon - Fri,Stock
BC.IT,Brunello Cucinelli SpA,EUR,0,0,0.30%,0.50%,09:00 - 17:30,Mon - Fri,Stock
BC.US,Brunswick Corp,USD,50,0,0.30%,0.50%,15:30 - 22:00,Mon - Fri,Stock
BC8.DE,Bechtle AG,EUR,50,0,0.30%,0.50%,09:00 - 17:30,Mon - Fri,Stock
BCC.US,Boise Cascade Co,USD,50,0,0.30%,0.50%,15:30 - 22:00,Mon - Fri,Stock
BCP.PT,Banco Comercial Portugues SA,EUR,100,0,0.30%,0.50%,09:00 - 17:30,Mon - Fri,Stock
BDEV.UK*,CLOSE ONLY / Barratt Developments PLC CFD,GBP,100,0,0.30%,0.50%,09:00 - 17:30,Mon - Fri,Stock
BDX.US,Becton Dickinson and Co,USD,50,0,0.30%,0.50%,15:30 - 22:00,Mon - Fri,Stock
BE.US,Bloom Energy Corp CFD,USD,50.0,0,0.30%,0.50%,15:30 - 22:00,Mon - Fri,Stock
BEAM.US,Beam Therapeutics Inc,USD,50,0,0.30%,0.50%,15:30 - 22:00,Mon - Fri,Stock
BEI.DE,Beiersdorf AG,EUR,50,0,0.30%,0.50%,09:00 - 17:30,Mon - Fri,Stock
BEKB.BE,Bekaert SA,EUR,100,0,0.30%,0.50%,09:00 - 17:30,Mon - Fri,Stock
BEN.FR,Beneteau SA,EUR,50,0,0.30%,0.50%,09:00 - 17:30,Mon - Fri,Stock
BEN.US,Franklin Resources Inc,USD,50,0,0.30%,0.50%,15:30 - 22:00,Mon - Fri,Stock
BEPC.US,Brookfield Renewable Corp - class A,USD,50,0,0.30%,0.50%,15:30 - 22:00,Mon - Fri,Stock
BESI.NL,BE Semiconductor Industries NV,EUR,100,0,0.30%,0.50%,09:00 - 17:30,Mon - Fri,Stock
BETSB.SE,Betsson AB - class B CFD,SEK,1000,0,0.30%,0.50%,09:00 - 17:30,Mon - Fri,Stock
BEZ.UK,Beazley PLC,GBP,100,0,0.30%,0.50%,09:00 - 17:30,Mon - Fri,Stock
BFB.US,Brown-Forman Corp,USD,50,0,0.30%,0.50%,15:30 - 22:00,Mon - Fri,Stock
BFH.US,Bread Financial Holdings Inc,USD,50,0,0.30%,0.50%,15:30 - 22:00,Mon - Fri,Stock
BG.US,Bunge Ltd,USD,50,0,0.30%,0.50%,15:30 - 22:00,Mon - Fri,Stock
BGNE.US,Beigene Ltd - ADR,USD,50,0,0.30%,0.50%,15:30 - 22:00,Mon - Fri,Stock
BGS.US,B&G Foods Inc,USD,50,0,0.30%,0.50%,15:30 - 22:00,Mon - Fri,Stock
BHC.US,Bausch Health Cos Inc,USD,50,0,0.30%,0.50%,15:30 - 22:00,Mon - Fri,Stock
BHF.US,Brighthouse Financial Inc,USD,50,0,0.30%,0.50%,15:30 - 22:00,Mon - Fri,Stock
BHP.UK,BHP Group Ltd,GBP,100,0,0.30%,0.50%,09:00 - 17:30,Mon - Fri,Stock
BHP.US,BHP Billiton Ltd - ADR,USD,50,0,0.30%,0.50%,15:30 - 22:00,Mon - Fri,Stock
BIDU.US,Baidu Inc ADR - ADR,USD,50,0,0.30%,0.50%,15:30 - 22:00,Mon - Fri,Stock
BIG.FR,Bigben Interactive SA CFD,EUR,50,0,0.30%,0.50%,09:00 - 17:30,Mon - Fri,Stock
BIG.US*,CLOSE ONLY / Big Lots Inc CFD,USD,50,0,0.30%,0.50%,15:30 - 22:00,Mon - Fri,Stock
BIIB.US,Biogen Idec Inc,USD,50,0,0.30%,0.50%,15:30 - 22:00,Mon - Fri,Stock
BILI.US,Bilibili Inc - ADR,USD,50,0,0.30%,0.50%,15:30 - 22:00,Mon - Fri,Stock
BILL.US,Bill.com Holdings Inc,USD,50,0,0.30%,0.50%,15:30 - 22:00,Mon - Fri,Stock
BIM.FR,BioMerieux,EUR,50,0,0.30%,0.50%,09:00 - 17:30,Mon - Fri,Stock
BIO.US,Bio Rad Laboratories Inc - class A,USD,50,0,0.30%,0.50%,15:30 - 22:00,Mon - Fri,Stock
BIRG.UK,Bank of Ireland Group PLC,EUR,100,0,0.30%,0.50%,09:00 - 17:30,Mon - Fri,Stock
BIRK.US,Birkenstock Holding PLC CFD (Cboe BZX Real-Time Quote),USD,50,0,0.30%,0.50%,15:30 - 22:00,Mon - Fri,Stock
BJ.US,BJ's Wholesale Club Holdings Inc CFD,USD,50.0,0,0.30%,0.50%,15:30 - 22:00,Mon - Fri,Stock
BJRI.US,BJ's Restaurants Inc,USD,50,0,0.30%,0.50%,15:30 - 22:00,Mon - Fri,Stock
BK.US,Bank of New York Mellon Corp,USD,50,0,0.30%,0.50%,15:30 - 22:00,Mon - Fri,Stock
BKG.UK,Berkeley Group Holdings PLC,GBP,100,0,0.30%,0.50%,09:00 - 17:30,Mon - Fri,Stock
BKH.US,Black Hills Corp,USD,50,0,0.30%,0.50%,15:30 - 22:00,Mon - Fri,Stock
BKNG.US,Booking Holdings Inc,USD,50,0,0.30%,0.50%,15:30 - 22:00,Mon - Fri,Stock
BKR.US,Baker Hughes Co - class A,USD,50,0,0.30%,0.50%,15:30 - 22:00,Mon - Fri,Stock
BKT.ES,Bankinter SA,EUR,100,0,0.30%,0.50%,09:00 - 17:30,Mon - Fri,Stock
BL.US,Blackline Inc,USD,50,0,0.30%,0.50%,15:30 - 22:00,Mon - Fri,Stock
BLC.FR,Bastide le Confort Medical SA CFD,EUR,50,0,0.30%,0.50%,09:00 - 17:30,Mon - Fri,Stock
BLD.US,TopBuild Corp,USD,100,0,0.30%,0.50%,15:30 - 22:00,Mon - Fri,Stock
BLDP.US,Ballard Power Systems Inc,USD,50,0,0.30%,0.50%,15:30 - 22:00,Mon - Fri,Stock
BLK.US,BlackRock Inc,USD,50,0,0.30%,0.50%,15:30 - 22:00,Mon - Fri,Stock
BLND.UK,British Land Co PLC,GBP,100,0,0.30%,0.50%,09:00 - 17:30,Mon - Fri,Stock
BLNK.US,Blink Charging Co,USD,50,0,0.30%,0.50%,15:30 - 22:00,Mon - Fri,Stock
BMA.US,Banco Macro SA - ADR,USD,50,0,0.30%,0.50%,15:30 - 22:00,Mon - Fri,Stock
BMBL.US,Bumble Inc - class A,USD,50,0,0.30%,0.50%,15:30 - 22:00,Mon - Fri,Stock
BME.UK,B&M European Value Retail SA,GBP,100,0,0.30%,0.50%,09:00 - 17:30,Mon - Fri,Stock
BMED.IT,Banca Mediolanum SpA,EUR,0,0,0.30%,0.50%,09:00 - 17:30,Mon - Fri,Stock
BMI.US,Badger Meter Inc CFD,USD,50.0,0,0.30%,0.50%,15:30 - 22:00,Mon - Fri,Stock
BMO.US,Bank of Montreal,USD,50,0,0.30%,0.50%,15:30 - 22:00,Mon - Fri,Stock
BMRN.US,BioMarin Pharmaceutical Inc.,USD,50,0,0.30%,0.50%,15:30 - 22:00,Mon - Fri,Stock
BMW.DE,Bayerische Motoren Werke AG,EUR,50,0,0.30%,0.50%,09:00 - 17:30,Mon - Fri,Stock
BMW3.DE,Bayerische Motoren Werke AG - preference shares,EUR,50,0,0.30%,0.50%,09:00 - 17:30,Mon - Fri,Stock
BMY.US,Bristol-Myers Squibb Co,USD,50,0,0.30%,0.50%,15:30 - 22:00,Mon - Fri,Stock
BN.FR,Danone,EUR,50,0,0.30%,0.50%,09:00 - 17:30,Mon - Fri,Stock
BN.US,Brookfield Corp - class A,USD,50,0,0.30%,0.50%,15:30 - 22:00,Mon - Fri,Stock
BNP.FR,BNP Paribas,EUR,50,0,0.30%,0.50%,09:00 - 17:30,Mon - Fri,Stock
BNR.DE,Brenntag AG,EUR,50,0,0.30%,0.50%,09:00 - 17:30,Mon - Fri,Stock
BNTX.US,BioNTech SE - ADR,USD,50,0,0.30%,0.50%,15:30 - 22:00,Mon - Fri,Stock
BNZL.UK,Bunzl PLC,GBP,100,0,0.30%,0.50%,09:00 - 17:30,Mon - Fri,Stock
BOI.FR,Boiron SA,EUR,50,0,0.30%,0.50%,09:00 - 17:30,Mon - Fri,Stock
BOL.FR,Bollore SA,EUR,50,0,0.30%,0.50%,09:00 - 17:30,Mon - Fri,Stock
BOL.SE,Boliden AB,SEK,1000,0,0.30%,0.50%,09:00 - 17:25,Mon - Fri,Stock
BON.FR,Bonduelle SA CFD,EUR,50,0,0.30%,0.50%,09:00 - 17:30,Mon - Fri,Stock
BOO.UK*,CLOSE ONLY / Boohoo Group PLC CFD,GBP,100,0,0.30%,0.50%,09:00 - 17:30,Mon - Fri,Stock
BOOT.US,Boot Barn Holdings Inc,USD,50,0,0.30%,0.50%,15:30 - 22:00,Mon - Fri,Stock
BOSS.DE,HUGO BOSS AG,EUR,50,0,0.30%,0.50%,09:00 - 17:30,Mon - Fri,Stock
BOY.UK,Bodycote PLC,GBP,100,0,0.30%,0.50%,09:00 - 17:30,Mon - Fri,Stock
BP.UK,BP PLC,GBP,100,0,0.30%,0.50%,09:00 - 17:30,Mon - Fri,Stock
BP.US,BP PLC - ADR,USD,50,0,0.30%,0.50%,15:30 - 22:00,Mon - Fri,Stock
BPE.IT,Banca Popolare dell'Emilia Romagna Scrl,EUR,0,0,0.30%,0.50%,09:00 - 17:30,Mon - Fri,Stock
BPOP.US,Popular Inc,USD,50,0,0.30%,0.50%,15:30 - 22:00,Mon - Fri,Stock
BPOST.BE,bpost SA,EUR,100,0,0.30%,0.50%,09:00 - 17:30,Mon - Fri,Stock
BR.US,Broadridge Financial Solutions,USD,50,0,0.30%,0.50%,15:30 - 22:00,Mon - Fri,Stock
BRBR.US,Bellring Brands Inc,USD,50,0,0.30%,0.50%,15:30 - 22:00,Mon - Fri,Stock
BRBY.UK,Burberry Group PLC,GBP,100,0,0.30%,0.50%,09:00 - 17:30,Mon - Fri,Stock
BRE.IT,Brembo SPA,EUR,0,0,0.30%,0.50%,09:00 - 17:30,Mon - Fri,Stock
BRKB.US,Berkshire Hathaway Inc - class B,USD,50,0,0.30%,0.50%,15:30 - 22:00,Mon - Fri,Stock
BRKR.US,Bruker Corp,USD,50,0,0.30%,0.50%,15:30 - 22:00,Mon - Fri,Stock
BRO.US,Brown & Brown Inc,USD,50,0,0.30%,0.50%,15:30 - 22:00,Mon - Fri,Stock
BROS.US,Dutch Bros Inc,USD,50,0,0.30%,0.50%,15:30 - 22:00,Mon - Fri,Stock
BSAC.US,Banco Santander Chile,USD,50,0,0.30%,0.50%,15:30 - 22:00,Mon - Fri,Stock
BSS.IT,Biesse SpA,EUR,0,0,0.30%,0.50%,09:00 - 17:30,Mon - Fri,Stock
BSX.US,Boston Scientific Corp,USD,50,0,0.30%,0.50%,15:30 - 22:00,Mon - Fri,Stock
BTA.UK,BT Group PLC,GBP,100,0,0.30%,0.50%,09:00 - 17:30,Mon - Fri,Stock
BTI.US,British American Tobacco PLC - ADR,USD,50,0,0.30%,0.50%,15:30 - 22:00,Mon - Fri,Stock
BTRW.UK,Barratt Redrow PLC CFD,GBP,100,0,0.30%,0.50%,09:00 - 17:30,Mon - Fri,Stock
BUD.US,Anheuser-Busch InBev SA/NV - ADR,USD,50,0,0.30%,0.50%,15:30 - 22:00,Mon - Fri,Stock
BURL.US,Burlington Stores Inc,USD,50,0,0.30%,0.50%,15:30 - 22:00,Mon - Fri,Stock
BVB.DE,Borussia Dortmund GmbH & Co,EUR,50,0,0.30%,0.50%,09:00 - 17:30,Mon - Fri,Stock
BVI.FR,Bureau Veritas SA,EUR,50,0,0.30%,0.50%,09:00 - 17:30,Mon - Fri,Stock
BWA.US,BorgWarner Inc,USD,50,0,0.30%,0.50%,15:30 - 22:00,Mon - Fri,Stock
BWLPG.NO,BW LPG Ltd,NOK,1000,0,0.30%,0.50%,09:00 - 16:20,Mon - Fri,Stock
BWO.NO,BW Offshore Ltd,NOK,1000,0,0.30%,0.50%,09:00 - 16:20,Mon - Fri,Stock
BWXT.US,BWX Technologies Inc,USD,100,0,0.30%,0.50%,15:30 - 22:00,Mon - Fri,Stock
BWY.UK,Bellway PLC,GBP,100,0,0.30%,0.50%,09:00 - 17:30,Mon - Fri,Stock
BXMT.US,Blackstone Mortgage Trust Inc - class A,USD,50,0,0.30%,0.50%,15:30 - 22:00,Mon - Fri,Stock
BXP.US,Boston Properties Inc,USD,50,0,0.30%,0.50%,15:30 - 22:00,Mon - Fri,Stock
BYD.US,Boyd Gaming Corp,USD,50,0,0.30%,0.50%,15:30 - 22:00,Mon - Fri,Stock
BYG.UK,Big Yellow Group PLC,GBP,100,0,0.30%,0.50%,09:00 - 17:30,Mon - Fri,Stock
BYND.US,Beyond Meat Inc,USD,50,0,0.30%,0.50%,15:30 - 22:00,Mon - Fri,Stock
BZ.US,Kanzhun Ltd,USD,50,0,0.30%,0.50%,15:30 - 22:00,Mon - Fri,Stock
BZH.US,Beazer Homes USA Inc,USD,50,0,0.30%,0.50%,15:30 - 22:00,Mon - Fri,Stock
BZU.IT,Buzzi Unicem SpA,EUR,0,0,0.30%,0.50%,09:00 - 17:30,Mon - Fri,Stock
BZUN.US,Baozun Inc. - ADR,USD,50,0,0.30%,0.50%,15:30 - 22:00,Mon - Fri,Stock
C.US,Citigroup Inc,USD,50,0,0.30%,0.50%,15:30 - 22:00,Mon - Fri,Stock
CA.FR,Carrefour SA,EUR,50,0,0.30%,0.50%,09:00 - 17:30,Mon - Fri,Stock
CAAP.US,Corporacion America Airports SA,USD,50,0,0.30%,0.50%,15:30 - 22:00,Mon - Fri,Stock
CABK.ES,CaixaBank,EUR,100,0,0.30%,0.50%,09:00 - 17:30,Mon - Fri,Stock
CACC.US,Credit Acceptance Corp,USD,50,0,0.30%,0.50%,15:30 - 22:00,Mon - Fri,Stock
CACI.US,CACI International Inc - class A CFD,USD,50.0,0,0.30%,0.50%,15:30 - 22:00,Mon - Fri,Stock
CAF.ES,Caonstrucciones y Auxiliar de Ferrocarriles SA,EUR,100,0,0.30%,0.50%,09:00 - 17:30,Mon - Fri,Stock
CAG.US,ConAgra Foods Inc,USD,50,0,0.30%,0.50%,15:30 - 22:00,Mon - Fri,Stock
CAH.US,Cardinal Health Inc,USD,50,0,0.30%,0.50%,15:30 - 22:00,Mon - Fri,Stock
CAKE.US,Cheesecake Factory Inc,USD,50,0,0.30%,0.50%,15:30 - 22:00,Mon - Fri,Stock
CALM.US,Cal-Maine Foods Inc,USD,50,0,0.30%,0.50%,15:30 - 22:00,Mon - Fri,Stock
CALX.US,Calix Inc,USD,50,0,0.30%,0.50%,15:30 - 22:00,Mon - Fri,Stock
CALY.US,Callaway Golf Co CFD,USD,50.0,0,0.30%,0.50%,15:30 - 22:00,Mon - Fri,Stock
CAMX.SE,Camurus AB CFD,SEK,1000,0,0.30%,0.50%,09:00 - 17:25,Mon - Fri,Stock
CAP.FR,Cap Gemini SA,EUR,50,0,0.30%,0.50%,09:00 - 17:30,Mon - Fri,Stock
CAR.US,Avis Budget Group Inc,USD,50,0,0.30%,0.50%,15:30 - 22:00,Mon - Fri,Stock
CARD.UK,Card Factory PLC,GBP,100,0,0.30%,0.50%,09:00 - 17:30,Mon - Fri,Stock
CARG.US,CarGurus Inc - class A,USD,100,0,0.30%,0.50%,15:30 - 22:00,Mon - Fri,Stock
CARLB.DK,Carlsberg A/S,DKK,1000,0,0.30%,0.50%,09:00 - 16:55,Mon - Fri,Stock
CARR.US,Carrier Global Corp,USD,50,0,0.30%,0.50%,15:30 - 22:00,Mon - Fri,Stock
CARS.US,Cars.com Inc,USD,50,0,0.30%,0.50%,15:30 - 22:00,Mon - Fri,Stock
CASY.US,Casey's General Stores Inc,USD,50,0,0.30%,0.50%,15:30 - 22:00,Mon - Fri,Stock
CAT.US,Caterpillar Inc,USD,50,0,0.30%,0.50%,15:30 - 22:00,Mon - Fri,Stock
CB.US,Chubb Corp,USD,50,0,0.30%,0.50%,15:30 - 22:00,Mon - Fri,Stock
CBG.UK,Close Brothers Group PLC,GBP,100,0,0.30%,0.50%,09:00 - 17:30,Mon - Fri,Stock
CBK.DE,Commerzbank,EUR,50,0,0.30%,0.50%,09:00 - 17:30,Mon - Fri,Stock
CBOE.US,CBOE Holdings Inc,USD,50,0,0.30%,0.50%,15:30 - 22:00,Mon - Fri,Stock
CBRE.US,CBRE Group Inc - class A,USD,50,0,0.30%,0.50%,15:30 - 22:00,Mon - Fri,Stock
CBRL.US,Cracker Barrel Old Country Sto,USD,50,0,0.30%,0.50%,15:30 - 22:00,Mon - Fri,Stock
CC.US,The Chemours Co.,USD,50,0,0.30%,0.50%,15:30 - 22:00,Mon - Fri,Stock
CCEP.US,Coca-Cola Europacific Partners PLC,USD,50,0,0.30%,0.50%,15:30 - 22:00,Mon - Fri,Stock
CCH.UK,Coca Cola HBG AG,GBP,100,0,0.30%,0.50%,09:00 - 17:30,Mon - Fri,Stock
CCI.US,Crown Castle International Cor,USD,50,0,0.30%,0.50%,15:30 - 22:00,Mon - Fri,Stock
CCIV.US*,CLOSE ONLY / Churchill Capital IV Corp - class A CFD,USD,50,0,0.30%,0.50%,15:30 - 22:00,Mon - Fri,Stock
CCK.US,Crown Holdings Inc,USD,50,0,0.30%,0.50%,15:30 - 22:00,Mon - Fri,Stock
CCL.UK*,CLOSE ONLY / Carnival PLC,GBP,100,0,0.30%,0.50%,09:00 - 17:30,Mon - Fri,Stock
CCL.US,Carnival Corp,USD,50,0,0.30%,0.50%,15:30 - 22:00,Mon - Fri,Stock
CCOI.US,Cogent Communications Holdings Inc (Cboe BZX Real-Time Quote),USD,50,0,0.30%,0.50%,15:30 - 22:00,Mon - Fri,Stock
CCS.US,Century Communities Inc,USD,50,0,0.30%,0.50%,15:30 - 22:00,Mon - Fri,Stock
CCSI.US,Consensus Cloud Solutions Inc,USD,50,0,0.30%,0.50%,15:30 - 22:00,Mon - Fri,Stock
CCU.US,Compania Cervecerias Unidas SA - ADR,USD,50,0,0.30%,0.50%,15:30 - 22:00,Mon - Fri,Stock
CDA.FR,Compagnie des Alpes SA CFD,EUR,50,0,0.30%,0.50%,09:00 - 17:30,Mon - Fri,Stock
CDLX.US,Cardlytics Inc,USD,50,0,0.30%,0.50%,15:30 - 22:00,Mon - Fri,Stock
CDNS.US,Cadence Design Systems Inc,USD,50,0,0.30%,0.50%,15:30 - 22:00,Mon - Fri,Stock
CE.US,Celanese Corp - class A,USD,50,0,0.30%,0.50%,15:30 - 22:00,Mon - Fri,Stock
CEC.DE,CECONOMY AG,EUR,50,0,0.30%,0.50%,09:00 - 17:30,Mon - Fri,Stock
CEG.US,Constellation Energy Corp,USD,50,0,0.30%,0.50%,15:30 - 22:00,Mon - Fri,Stock
CELH.US,Celsius Holdings Inc,USD,50,0,0.30%,0.50%,15:30 - 22:00,Mon - Fri,Stock
CEN.FR,Groupe Crit SA CFD,EUR,50,0,0.30%,0.50%,09:00 - 17:30,Mon - Fri,Stock
CENT.US,Central Garden & Pet Co,USD,50,0,0.30%,0.50%,15:30 - 22:00,Mon - Fri,Stock
CENX.US,Century Aluminum Co CFD,USD,50.0,0,0.30%,0.50%,15:30 - 22:00,Mon - Fri,Stock
CERS.US,Cerus Corp,USD,50,0,0.30%,0.50%,15:30 - 22:00,Mon - Fri,Stock
CEVA.US,CEVA Inc,USD,50,0,0.30%,0.50%,15:30 - 22:00,Mon - Fri,Stock
CEZ1.CZ,CEZ AS,CZK,0,0,0.30%,0.50%,09:00 - 16:10,Mon - Fri,Stock
CF.US,CF Industries Holdings Inc,USD,50,0,0.30%,0.50%,15:30 - 22:00,Mon - Fri,Stock
CFG.US,Citizens Financial Group Inc,USD,50,0,0.30%,0.50%,15:30 - 22:00,Mon - Fri,Stock
CFR.CH,Cie Financiere Richemont SA,CHF,150,0,0.30%,0.50%,09:00 - 17:20,Mon - Fri,Stock
CFR.US,Cullen/Frost Bankers Inc,USD,50,0,0.30%,0.50%,15:30 - 22:00,Mon - Fri,Stock
CGC.US*,CLOSE ONLY / Canopy Growth Corp CFD,USD,50,0,0.30%,0.50%,15:30 - 22:00,Mon - Fri,Stock
CGCBV.FI*,CLOSE ONLY / Cargotec Oyj CFD - class B,EUR,100,0,0.30%,0.50%,09:00 - 17:25,Mon - Fri,Stock
CGG.FR*,CLOSE ONLY / CGG SA CFD,EUR,50,0,0.30%,0.50%,09:00 - 17:30,Mon - Fri,Stock
CGM.FR,Cegedim SA CFD,EUR,50,0,0.30%,0.50%,09:00 - 17:30,Mon - Fri,Stock
CGNX.US,Cognex Corp,USD,50,0,0.30%,0.50%,15:30 - 22:00,Mon - Fri,Stock
CHD.US,Church & Dwight Co Inc,USD,50,0,0.30%,0.50%,15:30 - 22:00,Mon - Fri,Stock
CHDN.US,Churchill Downs Inc,USD,50,0,0.30%,0.50%,15:30 - 22:00,Mon - Fri,Stock
CHEF.US,Chefs' Warehouse Inc,USD,50,0,0.30%,0.50%,15:30 - 22:00,Mon - Fri,Stock
CHEMM.DK,Chemometec A/S CFD,DKK,1000.0,0,0.30%,0.50%,09:00 - 16:55,Mon - Fri,Stock
CHGG.US,Chegg Inc,USD,50,0,0.30%,0.50%,15:30 - 22:00,Mon - Fri,Stock
CHKP.US,Check Point Software Technologies Ltd,USD,50,0,0.30%,0.50%,15:30 - 22:00,Mon - Fri,Stock
CHRD.US,Chord Energy Corp,USD,50,0,0.30%,0.50%,15:30 - 22:00,Mon - Fri,Stock
CHRW.US,CH Robinson Worldwide Inc,USD,50,0,0.30%,0.50%,15:30 - 22:00,Mon - Fri,Stock
CHTR.US,Charter Communications Inc,USD,50,0,0.30%,0.50%,15:30 - 22:00,Mon - Fri,Stock
CHWY.US,Chewy Inc - class A,USD,50,0,0.30%,0.50%,15:30 - 22:00,Mon - Fri,Stock
CI.US,Cigna Corp,USD,50,0,0.30%,0.50%,15:30 - 22:00,Mon - Fri,Stock
CIB.US,Bancolombia SA - ADR,USD,50,0,0.30%,0.50%,15:30 - 22:00,Mon - Fri,Stock
CIEN.US,Ciena Corp,USD,50,0,0.30%,0.50%,15:30 - 22:00,Mon - Fri,Stock
CINF.US,Cincinnati Financial Corp,USD,50,0,0.30%,0.50%,15:30 - 22:00,Mon - Fri,Stock
CKN.UK,Clarkson PLC CFD,GBP,100,0,0.30%,0.50%,09:00 - 17:30,Mon - Fri,Stock
CL.US,Colgate-Palmolive Co,USD,50,0,0.30%,0.50%,15:30 - 22:00,Mon - Fri,Stock
CLA.FR*,CLOSE ONLY / Claranova SADIR CFD,EUR,50,0,0.30%,0.50%,09:00 - 17:30,Mon - Fri,Stock
CLARI.FR,Clariane SE,EUR,50,0,0.30%,0.50%,09:00 - 17:30,Mon - Fri,Stock
CLDX.US,Celldex Therapeutics Inc,USD,50,0,0.30%,0.50%,15:30 - 22:00,Mon - Fri,Stock
CLF.US,Cleveland-Cliffs Inc CFD,USD,50.0,0,0.30%,0.50%,15:30 - 22:00,Mon - Fri,Stock
CLH.US,Clean Harbors Inc CFD,USD,50.0,0,0.30%,0.50%,15:30 - 22:00,Mon - Fri,Stock
CLNE.US*,CLOSE ONLY / Clean Energy Fuels Corp CFD,USD,50,0,0.30%,0.50%,15:30 - 22:00,Mon - Fri,Stock
CLNX.ES,Cellnex Telecom SA,EUR,100,0,0.30%,0.50%,09:00 - 17:30,Mon - Fri,Stock
CLW.US,Clearwater Paper Corp,USD,50,0,0.30%,0.50%,15:30 - 22:00,Mon - Fri,Stock
CLX.US,Clorox Co,USD,50,0,0.30%,0.50%,15:30 - 22:00,Mon - Fri,Stock
CM.US,Canadian Imperial Bank of Commerce,USD,50,0,0.30%,0.50%,15:30 - 22:00,Mon - Fri,Stock
CMA.US*,CLOSE ONLY / Comerica Inc CFD,USD,50,0,0.30%,0.50%,15:30 - 22:00,Mon - Fri,Stock
CMBT.BE,CMB.TECH NV CFD,EUR,100.0,0,0.30%,0.50%,09:00 - 17:30,Mon - Fri,Stock
CMBT.US,CMB.TECH NV CFD,USD,50.0,0,0.30%,0.50%,15:30 - 22:00,Mon - Fri,Stock
CMC.US,Commercial Metals Co,USD,50,0,0.30%,0.50%,15:30 - 22:00,Mon - Fri,Stock
CMCSA.US,Comcast Corp,USD,50,0,0.30%,0.50%,15:30 - 22:00,Mon - Fri,Stock
CMCX.UK,CMC Markets PLC,GBP,100,0,0.30%,0.50%,09:00 - 17:30,Mon - Fri,Stock
CME.US,CME Group Inc,USD,50,0,0.30%,0.50%,15:30 - 22:00,Mon - Fri,Stock
CMG.US,Chipotle Mexican Grill Inc - class A,USD,50,0,0.30%,0.50%,15:30 - 22:00,Mon - Fri,Stock
CMI.US,Cummins Inc,USD,50,0,0.30%,0.50%,15:30 - 22:00,Mon - Fri,Stock
CMP.US,Compass Minerals International Inc,USD,50,0,0.30%,0.50%,15:30 - 22:00,Mon - Fri,Stock
CMPR.US,Cimpress PLC,USD,50,0,0.30%,0.50%,15:30 - 22:00,Mon - Fri,Stock
CMPS.US,Compass Pathways PLC - ADR,USD,50,0,0.30%,0.50%,15:30 - 22:00,Mon - Fri,Stock
CMS.US,CMS Energy Corp,USD,50,0,0.30%,0.50%,15:30 - 22:00,Mon - Fri,Stock
CNA.UK,Centrica PLC,GBP,100,0,0.30%,0.50%,09:00 - 17:30,Mon - Fri,Stock
CNC.US,Centene Corp,USD,50,0,0.30%,0.50%,15:30 - 22:00,Mon - Fri,Stock
CNI.US,Canadian National Railway Co.,USD,50,0,0.30%,0.50%,15:30 - 22:00,Mon - Fri,Stock
CNK.US,Cinemark Holdings Inc,USD,50,0,0.30%,0.50%,15:30 - 22:00,Mon - Fri,Stock
CNMD.US,Conmed Corp,USD,50,0,0.30%,0.50%,15:30 - 22:00,Mon - Fri,Stock
CNO.US,CNO Financial Group Inc,USD,50,0,0.30%,0.50%,15:30 - 22:00,Mon - Fri,Stock
CNP.US,CenterPoint Energy Inc,USD,50,0,0.30%,0.50%,15:30 - 22:00,Mon - Fri,Stock
CNR.US,Core Natural Resources Inc CFD,USD,50.0,0,0.30%,0.50%,15:30 - 22:00,Mon - Fri,Stock
CNXC.US,Concentrix Corp,USD,100,0,0.30%,0.50%,15:30 - 22:00,Mon - Fri,Stock
CO.FR,Casino Guichard Perrachon SA,EUR,50,0,0.30%,0.50%,09:00 - 17:30,Mon - Fri,Stock
COF.US,Capital One Financial Corp,USD,50,0,0.30%,0.50%,15:30 - 22:00,Mon - Fri,Stock
COFA.FR,Coface SA,EUR,50,0,0.30%,0.50%,09:00 - 17:30,Mon - Fri,Stock
COFB.BE,Cofinimmo SA,EUR,100,0,0.30%,0.50%,09:00 - 17:30,Mon - Fri,Stock
COG.US*,CLOSE ONLY / Cabot Oil & Gas Corp CFD,USD,50.0,0,0.30%,0.50%,15:30 - 22:00,Mon - Fri,Stock
COHR.US,Coherent Inc,USD,50,0,0.30%,0.50%,15:30 - 22:00,Mon - Fri,Stock
COHU.US,Cohu Inc,USD,50,0,0.30%,0.50%,15:30 - 22:00,Mon - Fri,Stock
COIN.US,Coinbase Global Inc - class A,USD,50,0,0.30%,0.50%,15:30 - 22:00,Mon - Fri,Stock
COKE.US,Coca-Cola Consolidated Inc,USD,50,0,0.30%,0.50%,15:30 - 22:00,Mon - Fri,Stock
COL.ES,Inmobilaria Colonial SA,EUR,100,0,0.30%,0.50%,09:00 - 17:30,Mon - Fri,Stock
COLB.US,Columbia Banking System Inc,USD,50,0,0.30%,0.50%,15:30 - 22:00,Mon - Fri,Stock
COLM.US,Columbia Sportswear Co,USD,50,0,0.30%,0.50%,15:30 - 22:00,Mon - Fri,Stock
COLOB.DK,Coloplast A/S,DKK,1000,0,0.30%,0.50%,09:00 - 16:55,Mon - Fri,Stock
COLR.BE,Colruyt SA,EUR,100,0,0.30%,0.50%,09:00 - 17:30,Mon - Fri,Stock
COMP.US,Compass Inc,USD,50,0,0.30%,0.50%,15:30 - 22:00,Mon - Fri,Stock
CON.DE,Continental AG,EUR,50,0,0.30%,0.50%,09:00 - 17:30,Mon - Fri,Stock
COO.US,Cooper Cos Inc,USD,50,0,0.30%,0.50%,15:30 - 22:00,Mon - Fri,Stock
COP.US,ConocoPhillips,USD,50,0,0.30%,0.50%,15:30 - 22:00,Mon - Fri,Stock
COPN.CH,Cosmo Pharmaceuticals NV CFD,CHF,150.0,0,0.30%,0.50%,09:00 - 17:20,Mon - Fri,Stock
COR1.US,Cencora Inc,USD,50,0,0.30%,0.50%,15:30 - 22:00,Mon - Fri,Stock
CORT.US,Corcept Therapeutics Inc CFD,USD,50.0,0,0.30%,0.50%,15:30 - 22:00,Mon - Fri,Stock
CORZ.US,Core Scientific Inc CFD,USD,50.0,0,0.30%,0.50%,15:30 - 22:00,Mon - Fri,Stock
COST.US,Costco Wholesale Corp,USD,50,0,0.30%,0.50%,15:30 - 22:00,Mon - Fri,Stock
COUR.US,Coursera Inc,USD,50,0,0.30%,0.50%,15:30 - 22:00,Mon - Fri,Stock
COV.FR,Covivio SA,EUR,50,0,0.30%,0.50%,09:00 - 17:30,Mon - Fri,Stock
CPA.US,Copa Holdings SA,USD,50,0,0.30%,0.50%,15:30 - 22:00,Mon - Fri,Stock
CPAY.US,Corpay Inc,USD,100,0,0.30%,0.50%,15:30 - 22:00,Mon - Fri,Stock
CPB.US,Campbell Soup Co,USD,50,0,0.30%,0.50%,15:30 - 22:00,Mon - Fri,Stock
CPI.UK,Capita PLC,GBP,100,0,0.30%,0.50%,09:00 - 17:30,Mon - Fri,Stock
CPR.IT,Davide Campari-Milano SpA,EUR,0,0,0.30%,0.50%,09:00 - 17:30,Mon - Fri,Stock
CPRI.US,Capri Holdings Ltd,USD,50,0,0.30%,0.50%,15:30 - 22:00,Mon - Fri,Stock
CPRT.US,Copart Inc,USD,50,0,0.30%,0.50%,15:30 - 22:00,Mon - Fri,Stock
CPS.US,Cooper-Standard Holdings Inc,USD,50,0,0.30%,0.50%,15:30 - 22:00,Mon - Fri,Stock
CPT.US,Camden Property Trust,USD,50,0,0.30%,0.50%,15:30 - 22:00,Mon - Fri,Stock
CRBN.NL,Corbion NV - class C CFD,EUR,100.0,0,0.30%,0.50%,09:00 - 17:30,Mon - Fri,Stock
CRCT.US,Cricut Inc,USD,50,0,0.30%,0.50%,15:30 - 22:00,Mon - Fri,Stock
CRI.FR,Chargeurs SA,EUR,50,0,0.30%,0.50%,09:00 - 17:30,Mon - Fri,Stock
CRI.US,Carter's Inc,USD,50,0,0.30%,0.50%,15:30 - 22:00,Mon - Fri,Stock
CRK.US,Comstock Resources Inc,USD,50,0,0.30%,0.50%,15:30 - 22:00,Mon - Fri,Stock
CRL.US,Charles River Laboratories Int,USD,50,0,0.30%,0.50%,15:30 - 22:00,Mon - Fri,Stock
CRM.US,salesforce.com inc,USD,50,0,0.30%,0.50%,15:30 - 22:00,Mon - Fri,Stock
CRNC.US,Cerence Inc,USD,100,0,0.30%,0.50%,15:30 - 22:00,Mon - Fri,Stock
CROX.US,Crocs Inc,USD,50,0,0.30%,0.50%,15:30 - 22:00,Mon - Fri,Stock
CRS.US,Carpenter Technology Corp CFD,USD,50.0,0,0.30%,0.50%,15:30 - 22:00,Mon - Fri,Stock
CRSP.US,CRISPR Therapeutics AG,USD,50,0,0.30%,0.50%,15:30 - 22:00,Mon - Fri,Stock
CRSR.US,Corsair Gaming Inc,USD,50,0,0.30%,0.50%,15:30 - 22:00,Mon - Fri,Stock
CRST.UK,Crest Nicholson Holdings plc,GBP,100,0,0.30%,0.50%,09:00 - 17:30,Mon - Fri,Stock
CRTO.US,Criteo SA - ADR,USD,50,0,0.30%,0.50%,15:30 - 22:00,Mon - Fri,Stock
CRWV.US,CoreWeave Inc - class A CFD,USD,50.0,0,0.30%,0.50%,15:30 - 22:00,Mon - Fri,Stock
CS.FR,AXA SA,EUR,50,0,0.30%,0.50%,09:00 - 17:30,Mon - Fri,Stock
CSCO.US,Cisco Systems Inc,USD,50,0,0.30%,0.50%,15:30 - 22:00,Mon - Fri,Stock
CSGP.US,CoStar Group Inc,USD,50,0,0.30%,0.50%,15:30 - 22:00,Mon - Fri,Stock
CSIQ.US,Canadian Solar Inc.,USD,50,0,0.30%,0.50%,15:30 - 22:00,Mon - Fri,Stock
CSL.US,Carlisle Cos Inc,USD,50,0,0.30%,0.50%,15:30 - 22:00,Mon - Fri,Stock
CSR.US,Centerspace CFD,USD,50.0,0,0.30%,0.50%,15:30 - 22:00,Mon - Fri,Stock
CSTL.US,Castle Biosciences Inc,USD,50,0,0.30%,0.50%,15:30 - 22:00,Mon - Fri,Stock
CSX.US,CSX Corp,USD,50,0,0.30%,0.50%,15:30 - 22:00,Mon - Fri,Stock
CTAS.US,Cintas Corp,USD,50,0,0.30%,0.50%,15:30 - 22:00,Mon - Fri,Stock
CTLT.US*,CLOSE ONLY / Catalent Inc CFD,USD,50,0,0.30%,0.50%,15:30 - 22:00,Mon - Fri,Stock
CTMX.US,CytomX Therapeutics Inc,USD,50,0,0.30%,0.50%,15:30 - 22:00,Mon - Fri,Stock
CTRA.US*,CLOSE ONLY / Coterra Energy Inc CFD,USD,50,0,0.30%,0.50%,15:30 - 22:00,Mon - Fri,Stock
CTRE.US,CareTrust REIT Inc,USD,50,0,0.30%,0.50%,15:30 - 22:00,Mon - Fri,Stock
CTSH.US,Cognizant Technology Solutions - class A,USD,50,0,0.30%,0.50%,15:30 - 22:00,Mon - Fri,Stock
CTT.PT,CTT-Correios de Portugal SA,EUR,100,0,0.30%,0.50%,09:00 - 17:30,Mon - Fri,Stock
CTVA.US,Corteva Inc,USD,50,0,0.30%,0.50%,15:30 - 22:00,Mon - Fri,Stock
CURY.UK,Currys PLC,GBP,100,0,0.30%,0.50%,09:00 - 17:30,Mon - Fri,Stock
CVCO.US,Cavco Industries Inc,USD,50,0,0.30%,0.50%,15:30 - 22:00,Mon - Fri,Stock
CVE.US,Cenovus Energy Inc,USD,50,0,0.30%,0.50%,15:30 - 22:00,Mon - Fri,Stock
CVGW.US,Calavo Growers Inc,USD,50,0,0.30%,0.50%,15:30 - 22:00,Mon - Fri,Stock
CVI.US,CVR Energy Inc CFD,USD,50.0,0,0.30%,0.50%,15:30 - 22:00,Mon - Fri,Stock
CVLT.US,CommVault Systems Inc,USD,50,0,0.30%,0.50%,15:30 - 22:00,Mon - Fri,Stock
CVS.US,CVS Health Corp,USD,50,0,0.30%,0.50%,15:30 - 22:00,Mon - Fri,Stock
CVSA.US,Covista Inc CFD,USD,50.0,0,0.30%,0.50%,15:30 - 22:00,Mon - Fri,Stock
CVX.US,Chevron Corp,USD,50,0,0.30%,0.50%,15:30 - 22:00,Mon - Fri,Stock
CW.US,Curtiss-Wright Corp CFD,USD,50.0,0,0.30%,0.50%,15:30 - 22:00,Mon - Fri,Stock
CWEN.US*,CLOSE ONLY / Clearway Energy Inc - class C CFD,USD,50,0,0.30%,0.50%,15:30 - 22:00,Mon - Fri,Stock
CWK.UK,Cranswick PLC,GBP,100,0,0.30%,0.50%,09:00 - 17:30,Mon - Fri,Stock
CWK.US,Cushman & Wakefield PLC,USD,50,0,0.30%,0.50%,15:30 - 22:00,Mon - Fri,Stock
CWT.US,California Water Service Group CFD,USD,50.0,0,0.30%,0.50%,15:30 - 22:00,Mon - Fri,Stock
CYD.US,China Yuchai International Ltd,USD,50,0,0.30%,0.50%,15:30 - 22:00,Mon - Fri,Stock
D.US,Dominion Resources Inc,USD,50,0,0.30%,0.50%,15:30 - 22:00,Mon - Fri,Stock
DAI.DE*,CLOSE ONLY / Daimler AG CFD,EUR,50,0,0.30%,0.50%,09:00 - 17:30,Mon - Fri,Stock
DAL.US,Delta Airlines INC,USD,50,0,0.30%,0.50%,15:30 - 22:00,Mon - Fri,Stock
DANSKE.DK,Danske Bank A/S,DKK,1000,0,0.30%,0.50%,09:00 - 16:55,Mon - Fri,Stock
DAR.US,Darling Ingredients Inc,USD,50,0,0.30%,0.50%,15:30 - 22:00,Mon - Fri,Stock
DASH.US,DoorDash Inc - class A,USD,50,0,0.30%,0.50%,15:30 - 22:00,Mon - Fri,Stock
DB1.DE,Deutsche Boerse,EUR,50,0,0.30%,0.50%,09:00 - 17:30,Mon - Fri,Stock
DBG.FR,Derichebourg SA,EUR,50,0,0.30%,0.50%,09:00 - 17:30,Mon - Fri,Stock
DBK.DE,Deutsche Bank AG,EUR,50,0,0.30%,0.50%,09:00 - 17:30,Mon - Fri,Stock
DBV.FR,DBV Technologies SA,EUR,50,0,0.30%,0.50%,09:00 - 17:30,Mon - Fri,Stock
DBX.US,Dropbox INC. - class A,USD,50,0,0.30%,0.50%,15:30 - 22:00,Mon - Fri,Stock
DCC.UK,DCC PLC,GBP,100,0,0.30%,0.50%,09:00 - 17:30,Mon - Fri,Stock
DCH.US,Dauch Corp CFD,USD,50.0,0,0.30%,0.50%,15:30 - 22:00,Mon - Fri,Stock
DCI.US,Donaldson Company Inc,USD,50,0,0.30%,0.50%,15:30 - 22:00,Mon - Fri,Stock
DD.US,DuPont de Nemours Inc,USD,50,0,0.30%,0.50%,15:30 - 22:00,Mon - Fri,Stock
DDD.US,3D Systems Corp,USD,50,0,0.30%,0.50%,15:30 - 22:00,Mon - Fri,Stock
DDS.US,Dillard's Inc - class A,USD,50,0,0.30%,0.50%,15:30 - 22:00,Mon - Fri,Stock
DE.US,Deere & Co,USD,50,0,0.30%,0.50%,15:30 - 22:00,Mon - Fri,Stock
DEA.US,Easterly Government Properties Inc,USD,50,0,0.30%,0.50%,15:30 - 22:00,Mon - Fri,Stock
DEC.FR,JCDecaux SA,EUR,50,0,0.30%,0.50%,09:00 - 17:30,Mon - Fri,Stock
DEC.UK,Diversified Energy Company PLC CFD,GBP,100,0,0.30%,0.50%,09:00 - 17:30,Mon - Fri,Stock
DECK.US,Deckers Outdoor Corp,USD,50,0,0.30%,0.50%,15:30 - 22:00,Mon - Fri,Stock
DEI.US,Douglas Emmett Inc,USD,50,0,0.30%,0.50%,15:30 - 22:00,Mon - Fri,Stock
DELL.US,Dell Technologies Inc,USD,50,0,0.30%,0.50%,15:30 - 22:00,Mon - Fri,Stock
DEMANT.DK,Demant A/S,DKK,1000,0,0.30%,0.50%,09:00 - 16:55,Mon - Fri,Stock
DEO.US,Diageo PLC - ADR,USD,100,0,0.30%,0.50%,15:30 - 22:00,Mon - Fri,Stock
DEQ.DE,Deutsche Euroshop AG,EUR,50,0,0.30%,0.50%,09:00 - 17:30,Mon - Fri,Stock
DG.FR,Vinci SA,EUR,50,0,0.30%,0.50%,09:00 - 17:30,Mon - Fri,Stock
DG.US,Dollar General Corp,USD,50,0,0.30%,0.50%,15:30 - 22:00,Mon - Fri,Stock
DGE.UK,Diageo PLC,GBP,100,0,0.30%,0.50%,09:00 - 17:30,Mon - Fri,Stock
DGX.US,Quest Diagnostics Inc,USD,50,0,0.30%,0.50%,15:30 - 22:00,Mon - Fri,Stock
DHER.DE,Delivery Hero SE,EUR,50,0,0.30%,0.50%,09:00 - 17:30,Mon - Fri,Stock
DHI.US,DR Horton Inc,USD,50,0,0.30%,0.50%,15:30 - 22:00,Mon - Fri,Stock
DHL.DE,Deutsche Post AG CFD,EUR,50,0,0.30%,0.50%,09:00 - 17:30,Mon - Fri,Stock
DHR.US,Danaher Corp,USD,50,0,0.30%,0.50%,15:30 - 22:00,Mon - Fri,Stock
DIA.ES,Distribuidora Internacional de Alimentacion SA,EUR,100,0,0.30%,0.50%,09:00 - 17:30,Mon - Fri,Stock
DIA.IT,DiaSorin SpA,EUR,0,0,0.30%,0.50%,09:00 - 17:30,Mon - Fri,Stock
DIB.IT,Digital Bros SpA,EUR,0,0,0.30%,0.50%,09:00 - 17:30,Mon - Fri,Stock
DIE.BE,Dieteren SA/NV,EUR,100,0,0.30%,0.50%,09:00 - 17:30,Mon - Fri,Stock
DIM.FR,Sartorius Stedim Biotech,EUR,50,0,0.30%,0.50%,09:00 - 17:30,Mon - Fri,Stock
DIN.US,Dine Brands Global Inc,USD,50,0,0.30%,0.50%,15:30 - 22:00,Mon - Fri,Stock
DINO.US,HF Sinclair Corp,USD,50,0,0.30%,0.50%,15:30 - 22:00,Mon - Fri,Stock
DIS.IT,d'Amico International Shipping SA CFD,EUR,0,0,0.30%,0.50%,09:00 - 17:30,Mon - Fri,Stock
DIS.US,Walt Disney Co,USD,50,0,0.30%,0.50%,15:30 - 22:00,Mon - Fri,Stock
DK.US,Delek US Holdings Inc,USD,50,0,0.30%,0.50%,15:30 - 22:00,Mon - Fri,Stock
DKNG.US,Draftkings Inc - class A,USD,50,0,0.30%,0.50%,15:30 - 22:00,Mon - Fri,Stock
DKS.US,Dick's Sporting Goods Inc,USD,50,0,0.30%,0.50%,15:30 - 22:00,Mon - Fri,Stock
DLB.US,Dolby Laboratories Inc - class A,USD,50,0,0.30%,0.50%,15:30 - 22:00,Mon - Fri,Stock
DLG.IT,De' Longhi SpA CFD,EUR,0,0,0.30%,0.50%,09:00 - 17:30,Mon - Fri,Stock
DLN.UK,Derwent London PLC,GBP,100,0,0.30%,0.50%,09:00 - 17:30,Mon - Fri,Stock
DLR.US,Digital Realty Trust Inc,USD,50,0,0.30%,0.50%,15:30 - 22:00,Mon - Fri,Stock
DLTR.US,Dollar Tree Inc,USD,50,0,0.30%,0.50%,15:30 - 22:00,Mon - Fri,Stock
DLX.US,Deluxe Corp,USD,50,0,0.30%,0.50%,15:30 - 22:00,Mon - Fri,Stock
DNB.NO,DNB ASA,NOK,1000,0,0.30%,0.50%,09:00 - 16:20,Mon - Fri,Stock
DNO.NO,DNO ASA,NOK,1000,0,0.30%,0.50%,09:00 - 16:20,Mon - Fri,Stock
DOC1.US,Healthpeak Properties Inc,USD,100,0,0.30%,0.50%,15:30 - 22:00,Mon - Fri,Stock
DOCS.US,Doximity Inc - class A,USD,50,0,0.30%,0.50%,15:30 - 22:00,Mon - Fri,Stock
DOCU.US,DocuSign Inc - class A,USD,50,0,0.30%,0.50%,15:30 - 22:00,Mon - Fri,Stock
DOM.ES,Global Dominion Access SA,EUR,100,0,0.30%,0.50%,09:00 - 17:30,Mon - Fri,Stock
DOM.UK,Domino's Pizza Group PLC,GBP,100,0,0.30%,0.50%,09:00 - 17:30,Mon - Fri,Stock
DOV.US,Dover Corp,USD,50,0,0.30%,0.50%,15:30 - 22:00,Mon - Fri,Stock
DOW.US,Dow Inc,USD,50,0,0.30%,0.50%,15:30 - 22:00,Mon - Fri,Stock
DOX.US,Amdocs Ltd,USD,50,0,0.30%,0.50%,15:30 - 22:00,Mon - Fri,Stock
DPW.DE*,CLOSE ONLY / Deutsche Post CFD,EUR,50,0,0.30%,0.50%,09:00 - 17:30,Mon - Fri,Stock
DPZ.US,Domino's Pizza Inc,USD,50,0,0.30%,0.50%,15:30 - 22:00,Mon - Fri,Stock
DRD.US,DRDGOLD Ltd,USD,50,0,0.30%,0.50%,15:30 - 22:00,Mon - Fri,Stock
DRI.US,Darden Restaurants Inc,USD,50,0,0.30%,0.50%,15:30 - 22:00,Mon - Fri,Stock
DRW3.DE,Draegerwerk AG & Co KGaA - preference shares,EUR,50,0,0.30%,0.50%,09:00 - 17:30,Mon - Fri,Stock
DRW8.DE,Draegerwerk AG & Co KGaA - common shares,EUR,50,0,0.30%,0.50%,09:00 - 17:30,Mon - Fri,Stock
DRX.UK,Drax Group PLC,GBP,100,0,0.30%,0.50%,09:00 - 17:30,Mon - Fri,Stock
DSFIR.NL,DSM-Firmenich AG,EUR,100,0,0.30%,0.50%,09:00 - 17:30,Mon - Fri,Stock
DSV.DK,DSV A/S,DKK,1000,0,0.30%,0.50%,09:00 - 16:55,Mon - Fri,Stock
DSY.FR,Dassault Systemes,EUR,50,0,0.30%,0.50%,09:00 - 17:30,Mon - Fri,Stock
DTE.DE,Deutsche Telekom,EUR,50,0,0.30%,0.50%,09:00 - 17:30,Mon - Fri,Stock
DTE.US,DTE Energy Co,USD,50,0,0.30%,0.50%,15:30 - 22:00,Mon - Fri,Stock
DUE.DE,Duerr AG,EUR,50,0,0.30%,0.50%,09:00 - 17:30,Mon - Fri,Stock
DUK.US,Duke Energy Corp,USD,50,0,0.30%,0.50%,15:30 - 22:00,Mon - Fri,Stock
DVA.US,DaVita HealthCare Partners Inc,USD,50,0,0.30%,0.50%,15:30 - 22:00,Mon - Fri,Stock
DWNI.DE,Deutsche Wohnen AG,EUR,50,0,0.30%,0.50%,09:00 - 17:30,Mon - Fri,Stock
DX.US,Dynex Capital Inc CFD,USD,50.0,0,0.30%,0.50%,15:30 - 22:00,Mon - Fri,Stock
DXC.US,DXC Technology Co,USD,50,0,0.30%,0.50%,15:30 - 22:00,Mon - Fri,Stock
DXCM.US,DexCom Inc,USD,50,0,0.30%,0.50%,15:30 - 22:00,Mon - Fri,Stock
DXPE.US,DXP Enterprises Inc CFD,USD,50.0,0,0.30%,0.50%,15:30 - 22:00,Mon - Fri,Stock
DY.US,Dycom Industries Inc,USD,50,0,0.30%,0.50%,15:30 - 22:00,Mon - Fri,Stock
DYN.US,Dyne Therapeutics Inc,USD,50,0,0.30%,0.50%,15:30 - 22:00,Mon - Fri,Stock
EA.US,Electronic Arts Inc,USD,50,0,0.30%,0.50%,15:30 - 22:00,Mon - Fri,Stock
EAPI.FR,Euroapi SA CFD,EUR,50,0,0.30%,0.50%,09:00 - 17:30,Mon - Fri,Stock
EAT.US,Brinker International Inc,USD,50,0,0.30%,0.50%,15:30 - 22:00,Mon - Fri,Stock
EBAY.US,eBay Inc,USD,50,0,0.30%,0.50%,15:30 - 22:00,Mon - Fri,Stock
EBF.US,Ennis Inc,USD,50,0,0.30%,0.50%,15:30 - 22:00,Mon - Fri,Stock
EBRO.ES,Ebro Foods SA,EUR,100,0,0.30%,0.50%,09:00 - 17:30,Mon - Fri,Stock
EBS.US,Emergent BioSolutions Inc,USD,50,0,0.30%,0.50%,15:30 - 22:00,Mon - Fri,Stock
EC.US,Ecopetrol SA - ADR CFD (Cboe BZX Real-Time Quote),USD,50,0,0.30%,0.50%,15:30 - 22:00,Mon - Fri,Stock
ECG.US,Everus Construction Group Inc,USD,50,0,0.30%,0.50%,15:30 - 22:00,Mon - Fri,Stock
ECL.US,Ecolab Inc,USD,50,0,0.30%,0.50%,15:30 - 22:00,Mon - Fri,Stock
ECMPA.NL,Eurocommercial Properties NV,EUR,100,0,0.30%,0.50%,09:00 - 17:30,Mon - Fri,Stock
ECR.ES,Ercros SA,EUR,100,0,0.30%,0.50%,09:00 - 17:30,Mon - Fri,Stock
ED.US,Consolidated Edison Inc,USD,50,0,0.30%,0.50%,15:30 - 22:00,Mon - Fri,Stock
EDEN.FR,Edenred,EUR,50,0,0.30%,0.50%,09:00 - 17:30,Mon - Fri,Stock
EDIT.US,Editas Medicine Inc,USD,50,0,0.30%,0.50%,15:30 - 22:00,Mon - Fri,Stock
EDP.PT,EDP - Energias de Portugal SA,EUR,100,0,0.30%,0.50%,09:00 - 17:30,Mon - Fri,Stock
EDPR.PT,EDP Renovaveis SA,EUR,100,0,0.30%,0.50%,09:00 - 17:30,Mon - Fri,Stock
EDRY.US,EuroDry Ltd,USD,50,0,0.30%,0.50%,15:30 - 22:00,Mon - Fri,Stock
EEFT.US,Euronet Worldwide Inc,USD,50,0,0.30%,0.50%,15:30 - 22:00,Mon - Fri,Stock
EFC.US,Ellington Financial Inc CFD,USD,50.0,0,0.30%,0.50%,15:30 - 22:00,Mon - Fri,Stock
EFGN.CH,EFG International AG,CHF,150,0,0.30%,0.50%,09:00 - 17:20,Mon - Fri,Stock
EFX.US,Equifax Inc,USD,50,0,0.30%,0.50%,15:30 - 22:00,Mon - Fri,Stock
EGBN.US,Eagle Bancorp Inc,USD,50,0,0.30%,0.50%,15:30 - 22:00,Mon - Fri,Stock
EGL.PT,Mota-Enqil SGPS SA,EUR,100,0,0.30%,0.50%,09:00 - 17:30,Mon - Fri,Stock
EGP.US,Eastgroup Properties Inc CFD (Cboe BZX Real-Time Quote),USD,50,0,0.30%,0.50%,15:30 - 22:00,Mon - Fri,Stock
EHTH.US,eHealth Inc,USD,50,0,0.30%,0.50%,15:30 - 22:00,Mon - Fri,Stock
EIX.US,Edison International,USD,50,0,0.30%,0.50%,15:30 - 22:00,Mon - Fri,Stock
EL.FR,EssilorLuxottica,EUR,50,0,0.30%,0.50%,09:00 - 17:30,Mon - Fri,Stock
EL.US,Estee Lauder Cos Inc - class A,USD,50,0,0.30%,0.50%,15:30 - 22:00,Mon - Fri,Stock
ELAN.US,Elanco Animal Health Inc,USD,50,0,0.30%,0.50%,15:30 - 22:00,Mon - Fri,Stock
ELE.ES,Endesa SA,EUR,100,0,0.30%,0.50%,09:00 - 17:30,Mon - Fri,Stock
ELG.DE,Elmos Semiconductor SE CFD,EUR,50.0,0,0.30%,0.50%,09:00 - 17:30,Mon - Fri,Stock
ELI.BE,Elia System Operator SA/NV,EUR,100,0,0.30%,0.50%,09:00 - 17:30,Mon - Fri,Stock
ELIOR.FR,Elior Group SA,EUR,50,0,0.30%,0.50%,09:00 - 17:30,Mon - Fri,Stock
ELIS.FR,Elis SA,EUR,50,0,0.30%,0.50%,09:00 - 17:30,Mon - Fri,Stock
ELISA.FI,Elisa OYJ,EUR,100,0,0.30%,0.50%,09:00 - 17:25,Mon - Fri,Stock
ELM.UK,Elementis PLC,GBP,100,0,0.30%,0.50%,09:00 - 17:30,Mon - Fri,Stock
ELUXB.SE,Electrolux AB,SEK,1000,0,0.30%,0.50%,09:00 - 17:25,Mon - Fri,Stock
ELV.US,Elevance Health Inc,USD,50,0,0.30%,0.50%,15:30 - 22:00,Mon - Fri,Stock
EMBJ.US,Embraer SA - ADR CFD,USD,50.0,0,0.30%,0.50%,15:30 - 22:00,Mon - Fri,Stock
EME.US,EMCOR Group Inc,USD,100,0,0.30%,0.50%,15:30 - 22:00,Mon - Fri,Stock
EMEIS.FR,Emeis SA CFD,EUR,50,0,0.30%,0.50%,09:00 - 17:30,Mon - Fri,Stock
EMN.US,Eastman Chemical Co,USD,50,0,0.30%,0.50%,15:30 - 22:00,Mon - Fri,Stock
EMR.US,Emerson Electric Co,USD,50,0,0.30%,0.50%,15:30 - 22:00,Mon - Fri,Stock
EN.FR,Bouygues SA,EUR,50,0,0.30%,0.50%,09:00 - 17:30,Mon - Fri,Stock
ENB.US,Enbridge Inc,USD,50,0,0.30%,0.50%,15:30 - 22:00,Mon - Fri,Stock
ENC.ES*,CLOSE ONLY / Ence Energia u Celulosa AS CFD,EUR,100,0,0.30%,0.50%,09:00 - 17:30,Mon - Fri,Stock
ENEL.IT,Enel SpA,EUR,0,0,0.30%,0.50%,09:00 - 17:30,Mon - Fri,Stock
ENG.ES,Enagas,EUR,100,0,0.30%,0.50%,09:00 - 17:30,Mon - Fri,Stock
ENGI.FR,Engie SA,EUR,50,0,0.30%,0.50%,09:00 - 17:30,Mon - Fri,Stock
ENI.IT,Eni SpA,EUR,0,0,0.30%,0.50%,09:00 - 17:30,Mon - Fri,Stock
ENO.ES,Elecnor SA CFD,EUR,100,0,0.30%,0.50%,09:00 - 17:30,Mon - Fri,Stock
ENR.DE,Siemens Energy AG,EUR,50,0,0.30%,0.50%,09:00 - 17:30,Mon - Fri,Stock
ENR.US,Energizer Holdings Inc,USD,50,0,0.30%,0.50%,15:30 - 22:00,Mon - Fri,Stock
ENS.US,EnerSys,USD,50,0,0.30%,0.50%,15:30 - 22:00,Mon - Fri,Stock
ENSG.US,Ensign Group Inc CFD (Cboe BZX Real-Time Quote),USD,50,0,0.30%,0.50%,15:30 - 22:00,Mon - Fri,Stock
ENT.UK,Entain PLC,GBP,100,0,0.30%,0.50%,09:00 - 17:30,Mon - Fri,Stock
ENTA.US,Enanta Pharmaceuticals,USD,50,0,0.30%,0.50%,15:30 - 22:00,Mon - Fri,Stock
ENVA.US,Enova International Inc,USD,50,0,0.30%,0.50%,15:30 - 22:00,Mon - Fri,Stock
ENVX.US,Enovix Corp,USD,50,0,0.30%,0.50%,15:30 - 22:00,Mon - Fri,Stock
ENX.FR,Euronext NV,EUR,50,0,0.30%,0.50%,09:00 - 17:30,Mon - Fri,Stock
EOAN.DE,E.ON AG,EUR,50,0,0.30%,0.50%,09:00 - 17:30,Mon - Fri,Stock
EOG.US,EOG Resources INC,USD,50,0,0.30%,0.50%,15:30 - 22:00,Mon - Fri,Stock
EOSE.US,Eos Energy Enterprises Inc CFD,USD,50.0,0,0.30%,0.50%,15:30 - 22:00,Mon - Fri,Stock
EPAC.US,Enerpac Tool Group Corp,USD,50,0,0.30%,0.50%,15:30 - 22:00,Mon - Fri,Stock
EPAM.US,EPAM Systems Inc,USD,50,0,0.30%,0.50%,15:30 - 22:00,Mon - Fri,Stock
EPC.US,Edgewell Personal Care Co,USD,50,0,0.30%,0.50%,15:30 - 22:00,Mon - Fri,Stock
EPRT.US,Essential Properties Realty Trust Inc,USD,50,0,0.30%,0.50%,15:30 - 22:00,Mon - Fri,Stock
EQH.US,Equitable Holdings Inc,USD,50,0,0.30%,0.50%,15:30 - 22:00,Mon - Fri,Stock
EQIX.US,Equinix Inc,USD,50,0,0.30%,0.50%,15:30 - 22:00,Mon - Fri,Stock
EQNR.US,Equinor ASA - ADR (Cboe BZX Real-Time Quote),USD,50,0,0.30%,0.50%,15:30 - 22:00,Mon - Fri,Stock
EQR.US,Equity Residential,USD,50,0,0.30%,0.50%,15:30 - 22:00,Mon - Fri,Stock
EQS.FR,Equasens SA CFD,EUR,50,0,0.30%,0.50%,09:00 - 17:30,Mon - Fri,Stock
EQT.SE,EQT AB,SEK,1000,0,0.30%,0.50%,09:00 - 17:25,Mon - Fri,Stock
ERA.FR,Eramet,EUR,50,0,0.30%,0.50%,09:00 - 17:30,Mon - Fri,Stock
ERF.FR,Eurofins Scientific SE,EUR,50,0,0.30%,0.50%,09:00 - 17:30,Mon - Fri,Stock
ERICB.SE,Telefonaktiebolaget LM Ericsson - class B,SEK,1000,0,0.30%,0.50%,09:00 - 17:25,Mon - Fri,Stock
ERII.US,Energy Recovery Inc,USD,50,0,0.30%,0.50%,15:30 - 22:00,Mon - Fri,Stock
ES.US,Eversource Energy,USD,50,0,0.30%,0.50%,15:30 - 22:00,Mon - Fri,Stock
ESE.US,ESCO Technologies Inc,USD,50,0,0.30%,0.50%,15:30 - 22:00,Mon - Fri,Stock
ESI.US,Element Solutions Inc,USD,50,0,0.30%,0.50%,15:30 - 22:00,Mon - Fri,Stock
ESLT.US,Elbit Systems Ltd CFD,USD,50.0,0,0.30%,0.50%,15:30 - 22:00,Mon - Fri,Stock
ESNT.UK,Essentra PLC,GBP,100,0,0.30%,0.50%,09:00 - 17:30,Mon - Fri,Stock
ESNT.US,Essent Group Ltd CFD,USD,50.0,0,0.30%,0.50%,15:30 - 22:00,Mon - Fri,Stock
ESS.US,Essex Property Trust Inc,USD,50,0,0.30%,0.50%,15:30 - 22:00,Mon - Fri,Stock
ESSITYB.SE,Essity AB,SEK,1000,0,0.30%,0.50%,09:00 - 17:25,Mon - Fri,Stock
ESTA.US,Establishment Labs Holdings Inc,USD,50,0,0.30%,0.50%,15:30 - 22:00,Mon - Fri,Stock
ESTC.US,Elastic NV,USD,50,0,0.30%,0.50%,15:30 - 22:00,Mon - Fri,Stock
ETH.IT,Eurotech SpA,EUR,0,0,0.30%,0.50%,09:00 - 17:30,Mon - Fri,Stock
ETL.FR,Eutelsat Communications SA,EUR,50,0,0.30%,0.50%,09:00 - 17:30,Mon - Fri,Stock
ETN.US,Eaton Corp PLC,USD,50,0,0.30%,0.50%,15:30 - 22:00,Mon - Fri,Stock
ETR.US,Entergy Corp,USD,50,0,0.30%,0.50%,15:30 - 22:00,Mon - Fri,Stock
ETSY.US,ETSY Inc,USD,50,0,0.30%,0.50%,15:30 - 22:00,Mon - Fri,Stock
EVD.DE,CTS Eventim AG & Co KgaA CFD,EUR,50.0,0,0.30%,0.50%,09:00 - 17:30,Mon - Fri,Stock
EVH.US,Evolent Health Inc,USD,50,0,0.30%,0.50%,15:30 - 22:00,Mon - Fri,Stock
EVK.DE,Evonik Industries AG,EUR,50,0,0.30%,0.50%,09:00 - 17:30,Mon - Fri,Stock
EVO.SE,Evolution AB,SEK,1000,0,0.30%,0.50%,09:00 - 17:25,Mon - Fri,Stock
EVOK.UK,Evoke PLC CFD,GBP,100,0,0.30%,0.50%,09:00 - 17:30,Mon - Fri,Stock
EVR.UK*,CLOSE ONLY / Evraz PLC CFD,GBP,100,0,0.30%,0.50%,-,Mon - Fri,Stock
EW.US,Edwards Lifesciences Corp,USD,50,0,0.30%,0.50%,15:30 - 22:00,Mon - Fri,Stock
EWBC.US,East West Bancorp Inc,USD,50,0,0.30%,0.50%,15:30 - 22:00,Mon - Fri,Stock
EXA.FR,Exail Technologies CFD,EUR,50,0,0.30%,0.50%,09:00 - 17:30,Mon - Fri,Stock
EXC.US,Exelon Corp,USD,50,0,0.30%,0.50%,15:30 - 22:00,Mon - Fri,Stock
EXE.FR,Exel Industries SA CFD,EUR,50,0,0.30%,0.50%,09:00 - 17:30,Mon - Fri,Stock
EXEL.US,Exelixis Inc,USD,50,0,0.30%,0.50%,15:30 - 22:00,Mon - Fri,Stock
EXLS.US,Exlservice Holdings Inc,USD,50,0,0.30%,0.50%,15:30 - 22:00,Mon - Fri,Stock
EXO.NL,Exor NV CFD,EUR,100,0,0.30%,0.50%,09:00 - 17:30,Mon - Fri,Stock
EXP.US,Eagle Materials Inc,USD,50,0,0.30%,0.50%,15:30 - 22:00,Mon - Fri,Stock
EXPD.US,Expeditors International of Wa,USD,50,0,0.30%,0.50%,15:30 - 22:00,Mon - Fri,Stock
EXPE.US,Expedia Inc,USD,50,0,0.30%,0.50%,15:30 - 22:00,Mon - Fri,Stock
EXPI.US,eXp World Holdings Inc,USD,50,0,0.30%,0.50%,15:30 - 22:00,Mon - Fri,Stock
EXPN.UK,Experian PLC,GBP,100,0,0.30%,0.50%,09:00 - 17:30,Mon - Fri,Stock
EXPO.US,Exponent Inc,USD,50,0,0.30%,0.50%,15:30 - 22:00,Mon - Fri,Stock
EXR.US,Extra Space Storage Inc,USD,50,0,0.30%,0.50%,15:30 - 22:00,Mon - Fri,Stock
EXTR.US,Extreme Networks Inc,USD,100,0,0.30%,0.50%,15:30 - 22:00,Mon - Fri,Stock
EYE.US,National Vision Holdings Inc,USD,50,0,0.30%,0.50%,15:30 - 22:00,Mon - Fri,Stock
EYPT.US,EyePoint Pharmaceuticals Inc,USD,50,0,0.30%,0.50%,15:30 - 22:00,Mon - Fri,Stock
EZJ.UK,Easy Jet PLC,GBP,100,0,0.30%,0.50%,09:00 - 17:30,Mon - Fri,Stock
EZPW.US,EZCORP Inc,USD,50,0,0.30%,0.50%,15:30 - 22:00,Mon - Fri,Stock
F.US,Ford Motor Co,USD,50,0,0.30%,0.50%,15:30 - 22:00,Mon - Fri,Stock
FAE.ES,Faes Farma SA,EUR,100,0,0.30%,0.50%,09:00 - 17:30,Mon - Fri,Stock
FAF.US,First American Financial Corp,USD,50,0,0.30%,0.50%,15:30 - 22:00,Mon - Fri,Stock
FANG.US,Diamondback Energy Inc,USD,50,0,0.30%,0.50%,15:30 - 22:00,Mon - Fri,Stock
FAST.US,Fastenal Co,USD,50,0,0.30%,0.50%,15:30 - 22:00,Mon - Fri,Stock
FATE.US,Fate Therapeutics Inc,USD,50,0,0.30%,0.50%,15:30 - 22:00,Mon - Fri,Stock
FB.US*,CLOSE ONLY / Meta Platforms Inc CFD,USD,50,0,0.30%,0.50%,15:30 - 22:00,Mon - Fri,Stock
FBIN.US,Fortune Brands Innovations Inc,USD,50,0,0.30%,0.50%,15:30 - 22:00,Mon - Fri,Stock
FBK.IT,FinecoBank Banca Fineco SpA,EUR,0,0,0.30%,0.50%,09:00 - 17:30,Mon - Fri,Stock
FC.US,Franklin Covey Co,USD,50,0,0.30%,0.50%,15:30 - 22:00,Mon - Fri,Stock
FCA.IT*,CLOSE ONLY / Fiat Chrysler Automobiles NV CFD,EUR,0,0,0.30%,0.50%,09:00 - 17:30,Mon - Fri,Stock
FCC.ES,Fomento de Construcciones y Contratas SA,EUR,100,0,0.30%,0.50%,09:00 - 17:30,Mon - Fri,Stock
FCNCA.US,First Citizens BancShares Inc (Delaware) - class A,USD,50,0,0.30%,0.50%,15:30 - 22:00,Mon - Fri,Stock
FCT.IT,Fincantieri SpA CFD,EUR,0,0,0.30%,0.50%,09:00 - 17:30,Mon - Fri,Stock
FDJ.FR,La Francaise des Jeux SAEM,EUR,50,0,0.30%,0.50%,09:00 - 17:30,Mon - Fri,Stock
FDR.ES,Fluidra SA,EUR,100,0,0.30%,0.50%,09:00 - 17:30,Mon - Fri,Stock
FDS.US,FactSet Research Systems Inc,USD,50,0,0.30%,0.50%,15:30 - 22:00,Mon - Fri,Stock
FDX.US,FedEx Corp,USD,50,0,0.30%,0.50%,15:30 - 22:00,Mon - Fri,Stock
FE.US,FirstEnergy Corp,USD,50,0,0.30%,0.50%,15:30 - 22:00,Mon - Fri,Stock
FER.ES,Grupo Ferrovial SA,EUR,100,0,0.30%,0.50%,09:00 - 17:30,Mon - Fri,Stock
FERG.UK,Ferguson PLC,GBP,100,0,0.30%,0.50%,09:00 - 17:30,Mon - Fri,Stock
FERG.US,Ferguson Enterprises Inc CFD,USD,50.0,0,0.30%,0.50%,15:30 - 22:00,Mon - Fri,Stock
FEVR.UK,Fevertree Drinks PLC,GBP,100,0,0.30%,0.50%,09:00 - 17:30,Mon - Fri,Stock
FF.US,FutureFuel Corp,USD,50,0,0.30%,0.50%,15:30 - 22:00,Mon - Fri,Stock
FFIV.US,F5 Networks Inc,USD,50,0,0.30%,0.50%,15:30 - 22:00,Mon - Fri,Stock
FGP.UK,Firstgroup PLC,GBP,100,0,0.30%,0.50%,09:00 - 17:30,Mon - Fri,Stock
FGR.FR,Eiffage SA,EUR,50,0,0.30%,0.50%,09:00 - 17:30,Mon - Fri,Stock
FHI.US,Federated Hermes Inc - class B,USD,50,0,0.30%,0.50%,15:30 - 22:00,Mon - Fri,Stock
FI.US*,CLOSE ONLY / Fiserv Inc,USD,50,0,0.30%,0.50%,15:30 - 22:00,Mon - Fri,Stock
FIBK.US,First Interstate Bancsystem Inc,USD,50,0,0.30%,0.50%,15:30 - 22:00,Mon - Fri,Stock
FICO.US,Fair Isaac Corp,USD,50,0,0.30%,0.50%,15:30 - 22:00,Mon - Fri,Stock
FIE.DE,Fielmann AG,EUR,50,0,0.30%,0.50%,09:00 - 17:30,Mon - Fri,Stock
FII.FR,Lisi SA,EUR,50,0,0.30%,0.50%,09:00 - 17:30,Mon - Fri,Stock
FINGB.SE,Fingerprint Cards AB - class B,SEK,1000,0,0.30%,0.50%,09:00 - 17:25,Mon - Fri,Stock
FIS.US,Fidelity National Information,USD,50,0,0.30%,0.50%,15:30 - 22:00,Mon - Fri,Stock
FISI.US,Financial Institutions Inc,USD,50,0,0.30%,0.50%,15:30 - 22:00,Mon - Fri,Stock
FISV.US,Fiserv Inc CFD,USD,50.0,0,0.30%,0.50%,15:30 - 22:00,Mon - Fri,Stock
FITB.US,Fifth Third Bancorp,USD,50,0,0.30%,0.50%,15:30 - 22:00,Mon - Fri,Stock
FIVE.US,Five Below Inc,USD,50,0,0.30%,0.50%,15:30 - 22:00,Mon - Fri,Stock
FIVN.US,Five9 Inc,USD,50,0,0.30%,0.50%,15:30 - 22:00,Mon - Fri,Stock
FIX.US,Comfort Systems USA Inc,USD,100,0,0.30%,0.50%,15:30 - 22:00,Mon - Fri,Stock
FIZZ.US,National Beverage Corp,USD,50,0,0.30%,0.50%,15:30 - 22:00,Mon - Fri,Stock
FLO.US,Flowers Foods Inc,USD,50,0,0.30%,0.50%,15:30 - 22:00,Mon - Fri,Stock
FLOW.NL,Flow Traders,EUR,100,0,0.30%,0.50%,09:00 - 17:30,Mon - Fri,Stock
FLS.DK,FLSmidth & Co A/S,DKK,1000,0,0.30%,0.50%,09:00 - 16:55,Mon - Fri,Stock
FLS.US,Flowserve Corp,USD,50,0,0.30%,0.50%,15:30 - 22:00,Mon - Fri,Stock
FLWS.US,1-800-Flowers.Com Inc,USD,50,0,0.30%,0.50%,15:30 - 22:00,Mon - Fri,Stock
FLYW.US,Flywire Corp,USD,50,0,0.30%,0.50%,15:30 - 22:00,Mon - Fri,Stock
FMC.US,FMC Corp,USD,50,0,0.30%,0.50%,15:30 - 22:00,Mon - Fri,Stock
FME.DE,Fresenius Medica,EUR,50,0,0.30%,0.50%,09:00 - 17:30,Mon - Fri,Stock
FMX.US,Fomento Economico Mexicano - ADR,USD,50,0,0.30%,0.50%,15:30 - 22:00,Mon - Fri,Stock
FN.US,Fabrinet CFD,USD,50.0,0,0.30%,0.50%,15:30 - 22:00,Mon - Fri,Stock
FNAC.FR,Fnac Darty SA,EUR,50,0,0.30%,0.50%,09:00 - 17:30,Mon - Fri,Stock
FND.US,Floor & Decor Holdings Inc - class A,USD,50,0,0.30%,0.50%,15:30 - 22:00,Mon - Fri,Stock
FNF.US,Fidelity National Financial Inc,USD,50,0,0.30%,0.50%,15:30 - 22:00,Mon - Fri,Stock
FNTN.DE,freenet AG CFD,EUR,50.0,0,0.30%,0.50%,09:00 - 17:30,Mon - Fri,Stock
FNV.US,Franco-Nevada Corp,USD,50,0,0.30%,0.50%,15:30 - 22:00,Mon - Fri,Stock
FOR.US,Forestar Group Inc,USD,50,0,0.30%,0.50%,15:30 - 22:00,Mon - Fri,Stock
FORM.US,FormFactor Inc CFD,USD,50.0,0,0.30%,0.50%,15:30 - 22:00,Mon - Fri,Stock
FORTUM.FI,Fortum OYJ,EUR,100,0,0.30%,0.50%,09:00 - 17:25,Mon - Fri,Stock
FOX.US,Fox Corp - class B,USD,50,0,0.30%,0.50%,15:30 - 22:00,Mon - Fri,Stock
FOXA.US,Fox Corp - class A,USD,50,0,0.30%,0.50%,15:30 - 22:00,Mon - Fri,Stock
FOXF.US,Fox Factory Holding Corp,USD,100,0,0.30%,0.50%,15:30 - 22:00,Mon - Fri,Stock
FP.FR*,CLOSE ONLY / Total SA CFD,EUR,50.0,0,0.30%,0.50%,09:00 - 17:30,Mon - Fri,Stock
FPE3.DE,FUCHS PETROLUB SE - preference shares,EUR,50,0,0.30%,0.50%,09:00 - 17:30,Mon - Fri,Stock
FR.FR,Valeo SA,EUR,50,0,0.30%,0.50%,09:00 - 17:30,Mon - Fri,Stock
FRA.DE,Fraport AG Frankfurt Airport Services Worldwide,EUR,50,0,0.30%,0.50%,09:00 - 17:30,Mon - Fri,Stock
FRE.DE,Fresenius SE & KGaA,EUR,50,0,0.30%,0.50%,09:00 - 17:30,Mon - Fri,Stock
FRES.UK,Fresnillo PLC,GBP,100,0,0.30%,0.50%,09:00 - 17:30,Mon - Fri,Stock
FRO.NO,Frontline Ltd,NOK,1000,0,0.30%,0.50%,09:00 - 16:20,Mon - Fri,Stock
FROG.US,Jfrog Ltd,USD,50,0,0.30%,0.50%,15:30 - 22:00,Mon - Fri,Stock
FRPT.US,Freshpet Inc,USD,100,0,0.30%,0.50%,15:30 - 22:00,Mon - Fri,Stock
FRT.US,Federal Realty Investment Trus,USD,50,0,0.30%,0.50%,15:30 - 22:00,Mon - Fri,Stock
FRVIA.FR,Forvia SE,EUR,100,0,0.30%,0.50%,09:00 - 17:30,Mon - Fri,Stock
FSLR.US,First Solar Inc,USD,50,0,0.30%,0.50%,15:30 - 22:00,Mon - Fri,Stock
FSLY.US,Fastly Inc - class A,USD,50,0,0.30%,0.50%,15:30 - 22:00,Mon - Fri,Stock
FSS.US,Federal Signal Corp,USD,50,0,0.30%,0.50%,15:30 - 22:00,Mon - Fri,Stock
FTEK.US,Fuel Tech Inc,USD,50,0,0.30%,0.50%,15:30 - 22:00,Mon - Fri,Stock
FTNT.US,Fortinet Inc,USD,50,0,0.30%,0.50%,15:30 - 22:00,Mon - Fri,Stock
FTS.US,Fortis Inc,USD,50,0,0.30%,0.50%,15:30 - 22:00,Mon - Fri,Stock
FTV.US,Fortive Corp,USD,50,0,0.30%,0.50%,15:30 - 22:00,Mon - Fri,Stock
FUBO.US,Fubotv Inc,USD,50,0,0.30%,0.50%,15:30 - 22:00,Mon - Fri,Stock
FUL.US,H.B. Fuller Company CFD,USD,50.0,0,0.30%,0.50%,15:30 - 22:00,Mon - Fri,Stock
FUR.NL,Fugro NV - class C,EUR,100,0,0.30%,0.50%,09:00 - 17:30,Mon - Fri,Stock
FUTU.US,Futu Holdings Ltd - ADR,USD,50,0,0.30%,0.50%,15:30 - 22:00,Mon - Fri,Stock
FVRR.US,Fiverr International Ltd (Cboe BZX Real-Time Quote),USD,50,0,0.30%,0.50%,15:30 - 22:00,Mon - Fri,Stock
FWONA.US,Liberty Media Corp,USD,50,0,0.30%,0.50%,15:30 - 22:00,Mon - Fri,Stock
FWONK.US,Formula One Group,USD,50,0,0.30%,0.50%,15:30 - 22:00,Mon - Fri,Stock
FXPO.UK,Ferrexpo PLC,GBP,100,0,0.30%,0.50%,09:00 - 17:30,Mon - Fri,Stock
G.IT,Assicurazioni Generali SpA,EUR,0,0,0.30%,0.50%,09:00 - 17:30,Mon - Fri,Stock
G1A.DE,GEA Group AG,EUR,50,0,0.30%,0.50%,09:00 - 17:30,Mon - Fri,Stock
GAIN.US,Gladstone Investment Corp,USD,50,0,0.30%,0.50%,15:30 - 22:00,Mon - Fri,Stock
GALP.PT,Galp Energia SGPS SA,EUR,100,0,0.30%,0.50%,09:00 - 17:30,Mon - Fri,Stock
GAP.US,Gap Inc CFD,USD,50.0,0,0.30%,0.50%,15:30 - 22:00,Mon - Fri,Stock
GAW.UK,Games Workshop Group PLC,GBP,100,0,0.30%,0.50%,09:00 - 17:30,Mon - Fri,Stock
GBDC.US,Golub Capital BDC Inc,USD,50,0,0.30%,0.50%,15:30 - 22:00,Mon - Fri,Stock
GBF.DE,Bilfinger SE,EUR,50,0,0.30%,0.50%,09:00 - 17:30,Mon - Fri,Stock
GBLB.BE,Groupe Bruxelles Lambert SA,EUR,100,0,0.30%,0.50%,09:00 - 17:30,Mon - Fri,Stock
GBT.FR,Guerbet SA CFD,EUR,50,0,0.30%,0.50%,09:00 - 17:30,Mon - Fri,Stock
GBX.US,Greenbrier Companies Inc,USD,50,0,0.30%,0.50%,15:30 - 22:00,Mon - Fri,Stock
GD.US,General Dynamics Corp,USD,50,0,0.30%,0.50%,15:30 - 22:00,Mon - Fri,Stock
GDDY.US,GoDaddy Inc - class A,USD,50,0,0.30%,0.50%,15:30 - 22:00,Mon - Fri,Stock
GDRX.US,Goodrx Holdings Inc - class A,USD,50,0,0.30%,0.50%,15:30 - 22:00,Mon - Fri,Stock
GDS.FR,Ramsay Generale de Sante SA CFD,EUR,50,0,0.30%,0.50%,09:00 - 17:30,Mon - Fri,Stock
GDS.US,GDS Holdings Ltd CFD,USD,50.0,0,0.30%,0.50%,15:30 - 22:00,Mon - Fri,Stock
GEBN.CH,Geberit AG,CHF,150,0,0.30%,0.50%,09:00 - 17:20,Mon - Fri,Stock
GEF.US,Greif Inc,USD,50,0,0.30%,0.50%,15:30 - 22:00,Mon - Fri,Stock
GEHC.US,GE Healthcare Technologies Inc,USD,50,0,0.30%,0.50%,15:30 - 22:00,Mon - Fri,Stock
GEN.UK,Genuit Group PLC,GBP,100,0,0.30%,0.50%,09:00 - 17:30,Mon - Fri,Stock
GEN.US,Gen Digital Inc,USD,50,0,0.30%,0.50%,15:30 - 22:00,Mon - Fri,Stock
GENI.US,Genius Sports Ltd,USD,50,0,0.30%,0.50%,15:30 - 22:00,Mon - Fri,Stock
GERN.US,Geron Corp,USD,50,0,0.30%,0.50%,15:30 - 22:00,Mon - Fri,Stock
GET.FR,Groupe Eurotunnel SE,EUR,50,0,0.30%,0.50%,09:00 - 17:30,Mon - Fri,Stock
GETIB.SE,Getinge AB,SEK,1000,0,0.30%,0.50%,09:00 - 17:25,Mon - Fri,Stock
GEV.US,Ge Vernova Inc CFD,USD,50.0,0,0.30%,0.50%,15:30 - 22:00,Mon - Fri,Stock
GFC.FR,Gecina SA,EUR,50,0,0.30%,0.50%,09:00 - 17:30,Mon - Fri,Stock
GFI.US,Gold Fields Ltd - ADR,USD,50,0,0.30%,0.50%,15:30 - 22:00,Mon - Fri,Stock
GFL.US,GFL Environmental Inc,USD,50,0,0.30%,0.50%,15:30 - 22:00,Mon - Fri,Stock
GFRD.UK,Galliford Try PLC,GBP,100,0,0.30%,0.50%,09:00 - 17:30,Mon - Fri,Stock
GFT.DE,GFT Technologies SE,EUR,100,0,0.30%,0.50%,09:00 - 17:30,Mon - Fri,Stock
GGB.US,Gerdau SA - ADR,USD,50,0,0.30%,0.50%,15:30 - 22:00,Mon - Fri,Stock
GGG.US,Graco Inc,USD,50,0,0.30%,0.50%,15:30 - 22:00,Mon - Fri,Stock
GH.US,Guardant Health Inc,USD,50,0,0.30%,0.50%,15:30 - 22:00,Mon - Fri,Stock
GHC.US,Graham Holdings Co - class B,USD,50,0,0.30%,0.50%,15:30 - 22:00,Mon - Fri,Stock
GHM.US,Graham Corp,USD,50,0,0.30%,0.50%,15:30 - 22:00,Mon - Fri,Stock
GIB.US,CGI Inc,USD,50,0,0.30%,0.50%,15:30 - 22:00,Mon - Fri,Stock
GIL.DE,DMG MORI SEIKI AG,EUR,50,0,0.30%,0.50%,09:00 - 17:30,Mon - Fri,Stock
GILD.US,Gilead Sciences Inc,USD,50,0,0.30%,0.50%,15:30 - 22:00,Mon - Fri,Stock
GIS.US,General Mills Inc,USD,50,0,0.30%,0.50%,15:30 - 22:00,Mon - Fri,Stock
GIVN.CH,Givaudan SA,CHF,150,0,0.30%,0.50%,09:00 - 17:20,Mon - Fri,Stock
GJF.NO,Gjensidige Forsikring ASA,NOK,1000,0,0.30%,0.50%,09:00 - 16:20,Mon - Fri,Stock
GKOS.US,Glaukos Corp,USD,50,0,0.30%,0.50%,15:30 - 22:00,Mon - Fri,Stock
GL.US,Globe Life Inc,USD,50,0,0.30%,0.50%,15:30 - 22:00,Mon - Fri,Stock
GLBE.US,Global-E Online Ltd,USD,50,0,0.30%,0.50%,15:30 - 22:00,Mon - Fri,Stock
GLE.FR,Societe Generale,EUR,50,0,0.30%,0.50%,09:00 - 17:30,Mon - Fri,Stock
GLEN.UK,Glencore INT PLC,GBP,100,0,0.30%,0.50%,09:00 - 17:30,Mon - Fri,Stock
GLJ.DE,Grenke AG CFD,EUR,50.0,0,0.30%,0.50%,09:00 - 17:30,Mon - Fri,Stock
GLO.FR,GL Events SA CFD,EUR,50,0,0.30%,0.50%,09:00 - 17:30,Mon - Fri,Stock
GLOB.US,Globant SA,USD,50,0,0.30%,0.50%,15:30 - 22:00,Mon - Fri,Stock
GLPG.NL,Galapagos NV,EUR,100,0,0.30%,0.50%,09:00 - 17:30,Mon - Fri,Stock
GLPI.US,Gaming and Leisure Properties Inc,USD,100,0,0.30%,0.50%,15:30 - 22:00,Mon - Fri,Stock
GLW.US,Corning Inc,USD,50,0,0.30%,0.50%,15:30 - 22:00,Mon - Fri,Stock
GM.US,General Motors Co,USD,50,0,0.30%,0.50%,15:30 - 22:00,Mon - Fri,Stock
GMAB.DK,Genmab A/S,DKK,1000,0,0.30%,0.50%,09:00 - 16:55,Mon - Fri,Stock
GMED.US,Globus Medical Inc - class A,USD,50,0,0.30%,0.50%,15:30 - 22:00,Mon - Fri,Stock
GN.DK,GN Store Nord A/S,DKK,1000,0,0.30%,0.50%,09:00 - 16:55,Mon - Fri,Stock
GNC.UK,Greencore Group PLC,GBP,100,0,0.30%,0.50%,09:00 - 17:30,Mon - Fri,Stock
GNFT.FR,Genfit,EUR,50,0,0.30%,0.50%,09:00 - 17:30,Mon - Fri,Stock
GNTX.US,Gentex Corp,USD,50,0,0.30%,0.50%,15:30 - 22:00,Mon - Fri,Stock
GO.US,Grocery Outlet Holding Corp,USD,50,0,0.30%,0.50%,15:30 - 22:00,Mon - Fri,Stock
GOLD.US*,CLOSE ONLY / Barrick Gold Corp CFD,USD,50,0,0.30%,0.50%,15:30 - 22:00,Mon - Fri,Stock
GOLD1.US,Gold.com Inc CFD,USD,50.0,0,0.30%,0.50%,15:30 - 22:00,Mon - Fri,Stock
GOLF.US,Acushnet Holdings Corp,USD,50,0,0.30%,0.50%,15:30 - 22:00,Mon - Fri,Stock
GOOG.US*,CLOSE ONLY / Google Inc Class A CFD,USD,50,0,0.30%,0.50%,15:30 - 22:00,Mon - Fri,Stock
GOOGC.US,Alphabet Inc class C,USD,50,0,0.30%,0.50%,15:30 - 22:00,Mon - Fri,Stock
GOOGL.US,Alphabet Inc - class A,USD,50,0,0.30%,0.50%,15:30 - 22:00,Mon - Fri,Stock
GOOS.US,Canada Goose Holdings Inc,USD,50,0,0.30%,0.50%,15:30 - 22:00,Mon - Fri,Stock
GPC.US,Genuine Parts Co,USD,50,0,0.30%,0.50%,15:30 - 22:00,Mon - Fri,Stock
GPCR.US,Structure Therapeutics Inc,USD,50,0,0.30%,0.50%,15:30 - 22:00,Mon - Fri,Stock
GPE.UK,Great Portland Estates PLC,GBP,100,0,0.30%,0.50%,09:00 - 17:30,Mon - Fri,Stock
GPI.US,Group 1 Automotive Inc,USD,50,0,0.30%,0.50%,15:30 - 22:00,Mon - Fri,Stock
GPK.US,Graphic Packaging Holding Co CFD,USD,50.0,0,0.30%,0.50%,15:30 - 22:00,Mon - Fri,Stock
GPN.US,Global Payments Inc,USD,50,0,0.30%,0.50%,15:30 - 22:00,Mon - Fri,Stock
GPRE.US,Green Plains Inc,USD,50,0,0.30%,0.50%,15:30 - 22:00,Mon - Fri,Stock
GRAB.US,Grab Holdings Ltd - class A,USD,50,0,0.30%,0.50%,15:30 - 22:00,Mon - Fri,Stock
GRAL.US,Grail Inc,USD,50,0,0.30%,0.50%,15:30 - 22:00,Mon - Fri,Stock
GRBK.US,Green Brick Partners Inc,USD,50,0,0.30%,0.50%,15:30 - 22:00,Mon - Fri,Stock
GRF.ES,Grifols SA,EUR,100,0,0.30%,0.50%,09:00 - 17:30,Mon - Fri,Stock
GRFS.US,Grifols SA,USD,50,0,0.30%,0.50%,15:30 - 22:00,Mon - Fri,Stock
GRG.UK,Greggs PLC,GBP,100,0,0.30%,0.50%,09:00 - 17:30,Mon - Fri,Stock
GRI.UK,Grainger PLC,GBP,100,0,0.30%,0.50%,09:00 - 17:30,Mon - Fri,Stock
GRMN.US,Garmin Ltd,USD,50,0,0.30%,0.50%,15:30 - 22:00,Mon - Fri,Stock
GRND.US,Grindr Inc,USD,50,0,0.30%,0.50%,15:30 - 22:00,Mon - Fri,Stock
GRPN.US,Groupon Inc,USD,50,0,0.30%,0.50%,15:30 - 22:00,Mon - Fri,Stock
GS.US,Goldman Sachs Group Inc,USD,50,0,0.30%,0.50%,15:30 - 22:00,Mon - Fri,Stock
GSAT.US,Globalstar Inc,USD,50,0,0.30%,0.50%,15:30 - 22:00,Mon - Fri,Stock
GSF.NO,Grieg Seafood ASA,NOK,1000,0,0.30%,0.50%,09:00 - 16:20,Mon - Fri,Stock
GSK.UK,GlaxoSmithKline PLC,GBP,100,0,0.30%,0.50%,09:00 - 17:30,Mon - Fri,Stock
GSL.US,Global Ship Lease Inc,USD,50,0,0.30%,0.50%,15:30 - 22:00,Mon - Fri,Stock
GTLB.US,GitLab Inc - class A,USD,100,0,0.30%,0.50%,15:30 - 22:00,Mon - Fri,Stock
GTLS.US,Chart Industries Inc,USD,50,0,0.30%,0.50%,15:30 - 22:00,Mon - Fri,Stock
GTM.US,Zoominfo Technologies Inc CFD,USD,50.0,0,0.30%,0.50%,15:30 - 22:00,Mon - Fri,Stock
GTN.US,Gray Television Inc,USD,50,0,0.30%,0.50%,15:30 - 22:00,Mon - Fri,Stock
GTT.FR,Gaztransport Et Technigaz SA,EUR,50,0,0.30%,0.50%,09:00 - 17:30,Mon - Fri,Stock
GUI.FR,Guillemot Corporation SA CFD,EUR,50,0,0.30%,0.50%,09:00 - 17:30,Mon - Fri,Stock
GWW.US,WW Grainger Inc,USD,50,0,0.30%,0.50%,15:30 - 22:00,Mon - Fri,Stock
GXI.DE,Gerresheimer AG,EUR,50,0,0.30%,0.50%,09:00 - 17:30,Mon - Fri,Stock
GXO.US,GXO Logistics Inc,USD,50,0,0.30%,0.50%,15:30 - 22:00,Mon - Fri,Stock
GYRE.US,Gyre Therapeutics Inc,USD,50,0,0.30%,0.50%,15:30 - 22:00,Mon - Fri,Stock
H.US,Hyatt Hotels Corp - class A,USD,50,0,0.30%,0.50%,15:30 - 22:00,Mon - Fri,Stock
HAG.DE,Hensoldt AG,EUR,50,0,0.30%,0.50%,09:00 - 17:30,Mon - Fri,Stock
HAIN.US,Hain Celestial Group Inc,USD,50,0,0.30%,0.50%,15:30 - 22:00,Mon - Fri,Stock
HALO.US,Halozyme Therapeutics Inc,USD,50,0,0.30%,0.50%,15:30 - 22:00,Mon - Fri,Stock
HAS.UK,Hays PLC,GBP,100,0,0.30%,0.50%,09:00 - 17:30,Mon - Fri,Stock
HAS.US,Hasbro Inc,USD,50,0,0.30%,0.50%,15:30 - 22:00,Mon - Fri,Stock
HASI.US,Hannon Armstrong Sustainable Infrastructure Capital Inc,USD,50,0,0.30%,0.50%,15:30 - 22:00,Mon - Fri,Stock
HAUTO.NO,Hoegh Autoliners ASA CFD,NOK,1000,0,0.30%,0.50%,09:00 - 16:20,Mon - Fri,Stock
HAVAS.NL,Havas NV CFD,EUR,100,0,0.30%,0.50%,09:00 - 17:30,Mon - Fri,Stock
HBR.UK,Harbour Energy PLC,GBP,100,0,0.30%,0.50%,09:00 - 17:30,Mon - Fri,Stock
HCA.US,HCA Holdings Inc,USD,50,0,0.30%,0.50%,15:30 - 22:00,Mon - Fri,Stock
HCC.US,Warrior Met Coal Inc,USD,50,0,0.30%,0.50%,15:30 - 22:00,Mon - Fri,Stock
HCI.US,Hci Group Inc,USD,50,0,0.30%,0.50%,15:30 - 22:00,Mon - Fri,Stock
HCO.FR,High Co SA CFD,EUR,50,0,0.30%,0.50%,09:00 - 17:30,Mon - Fri,Stock
HCSG.US,Healthcare Services Group Inc,USD,50,0,0.30%,0.50%,15:30 - 22:00,Mon - Fri,Stock
HD.US,Home Depot INC,USD,50,0,0.30%,0.50%,15:30 - 22:00,Mon - Fri,Stock
HDB.US,HDFC Bank Ltd - ADR,USD,50,0,0.30%,0.50%,15:30 - 22:00,Mon - Fri,Stock
HE.US,Hawaiian Electric Industries Inc CFD (Cboe BZX Real-Time Quote),USD,50,0,0.30%,0.50%,15:30 - 22:00,Mon - Fri,Stock
HEI.DE,Heidelberg Cement AG,EUR,50,0,0.30%,0.50%,09:00 - 17:30,Mon - Fri,Stock
HEIA.NL,Heineken NV,EUR,100,0,0.30%,0.50%,09:00 - 17:30,Mon - Fri,Stock
HEIJM.NL,Heijmans NV,EUR,100,0,0.30%,0.50%,09:00 - 17:30,Mon - Fri,Stock
HEIO.NL,Heineken Holding NV CFD,EUR,100,0,0.30%,0.50%,09:00 - 17:30,Mon - Fri,Stock
HELE.US,Helen of Troy Ltd,USD,50,0,0.30%,0.50%,15:30 - 22:00,Mon - Fri,Stock
HEM.SE,Hemnet Group AB CFD,SEK,1000.0,0,0.30%,0.50%,09:00 - 17:25,Mon - Fri,Stock
HEN.DE,Henkel AG & Co KGaA CFD,EUR,50.0,0,0.30%,0.50%,09:00 - 17:30,Mon - Fri,Stock
HEN3.DE,Henkel AG - preference shares,EUR,50,0,0.30%,0.50%,09:00 - 17:30,Mon - Fri,Stock
HER.IT,Hera SpA CFD,EUR,0,0,0.30%,0.50%,09:00 - 17:30,Mon - Fri,Stock
HGT.UK,HgCapital Trust PLC CFD,GBP,100,0,0.30%,0.50%,09:00 - 17:30,Mon - Fri,Stock
HHH.US,Howard Hughes Holdings Inc CFD,USD,50.0,0,0.30%,0.50%,15:30 - 22:00,Mon - Fri,Stock
HIAB.FI,Hiab Oyj - class B CFD,EUR,100.0,0,0.30%,0.50%,09:00 - 17:25,Mon - Fri,Stock
HIG.US,Hartford Financial Services Gr,USD,50,0,0.30%,0.50%,15:30 - 22:00,Mon - Fri,Stock
HII.US,Huntington Ingalls Industries,USD,50,0,0.30%,0.50%,15:30 - 22:00,Mon - Fri,Stock
HIK.UK,Hikma Pharmaceuticals PLC,GBP,100,0,0.30%,0.50%,09:00 - 17:30,Mon - Fri,Stock
HIMS.US,Hims & Hers Health Inc CFD,USD,50.0,0,0.30%,0.50%,15:30 - 22:00,Mon - Fri,Stock
HIMX.US,Himax Technologies Inc - ADR,USD,50,0,0.30%,0.50%,15:30 - 22:00,Mon - Fri,Stock
HIPO.US,Hippo Holdings Inc,USD,50,0,0.30%,0.50%,15:30 - 22:00,Mon - Fri,Stock
HLAG.DE,Hapag Lloyd AG,EUR,50,0,0.30%,0.50%,09:00 - 17:30,Mon - Fri,Stock
HLE.DE,HELLA GmbH & Co KGaA CFD,EUR,50.0,0,0.30%,0.50%,09:00 - 17:30,Mon - Fri,Stock
HLF.US,Herbalife Nutrition Ltd,USD,50,0,0.30%,0.50%,15:30 - 22:00,Mon - Fri,Stock
HLMA.UK,Halma PLC,GBP,100,0,0.30%,0.50%,09:00 - 17:30,Mon - Fri,Stock
HLN.UK,HALEON PLC,GBP,100,0,0.30%,0.50%,09:00 - 17:30,Mon - Fri,Stock
HLNE.US,Hamilton Lane Inc - class A,USD,50,0,0.30%,0.50%,15:30 - 22:00,Mon - Fri,Stock
HLT.US,Hilton Worldwide Holdings Inc,USD,50,0,0.30%,0.50%,15:30 - 22:00,Mon - Fri,Stock
HLUNB.DK,H Lundbeck A/S - class B,DKK,1000,0,0.30%,0.50%,09:00 - 16:55,Mon - Fri,Stock
HMB.SE,Hennes & Mauritz AB,SEK,1000,0,0.30%,0.50%,09:00 - 17:25,Mon - Fri,Stock
HMC.US,Honda Motor Co Ltd - ADR,USD,50,0,0.30%,0.50%,15:30 - 22:00,Mon - Fri,Stock
HMSO.UK,Hammerson PLC,GBP,100,0,0.30%,0.50%,09:00 - 17:30,Mon - Fri,Stock
HNR.DE,Hannover Rueck SE,EUR,50,0,0.30%,0.50%,09:00 - 17:30,Mon - Fri,Stock
HO.FR,Thales SA,EUR,50,0,0.30%,0.50%,09:00 - 17:30,Mon - Fri,Stock
HOC.UK,Hochschild Mining PLC,GBP,100,0,0.30%,0.50%,09:00 - 17:30,Mon - Fri,Stock
HOG.US,Harley-Davidson Inc,USD,50,0,0.30%,0.50%,15:30 - 22:00,Mon - Fri,Stock
HOLMB.SE,Holmen AB - class B CFD,SEK,1000,0,0.30%,0.50%,09:00 - 17:25,Mon - Fri,Stock
HOLN.CH,Holcim Ltd,CHF,150,0,0.30%,0.50%,09:00 - 17:20,Mon - Fri,Stock
HOME.ES,Neinor Homes SA,EUR,100,0,0.30%,0.50%,09:00 - 17:30,Mon - Fri,Stock
HON.US,Honeywell International Inc,USD,50,0,0.30%,0.50%,15:30 - 22:00,Mon - Fri,Stock
HOOD.US,Robinhood Markets Inc - class A,USD,50,0,0.30%,0.50%,15:30 - 22:00,Mon - Fri,Stock
HOT.DE,HOCHTIEF AG,EUR,50,0,0.30%,0.50%,09:00 - 17:30,Mon - Fri,Stock
HP.US,Helmerich & Payne Inc,USD,50,0,0.30%,0.50%,15:30 - 22:00,Mon - Fri,Stock
HPP.US,Hudson Pacific Properties Inc,USD,50,0,0.30%,0.50%,15:30 - 22:00,Mon - Fri,Stock
HPQ.US,Hewlett-Packard Co,USD,50,0,0.30%,0.50%,15:30 - 22:00,Mon - Fri,Stock
HR.US,Healthcare Realty Trust Inc - class A,USD,50,0,0.30%,0.50%,15:30 - 22:00,Mon - Fri,Stock
HRB.US,H&R Block Inc,USD,50,0,0.30%,0.50%,15:30 - 22:00,Mon - Fri,Stock
HRI.US,Herc Holdings Inc,USD,50,0,0.30%,0.50%,15:30 - 22:00,Mon - Fri,Stock
HRL.US,Hormel Foods Corp,USD,50,0,0.30%,0.50%,15:30 - 22:00,Mon - Fri,Stock
HRTG.US,Heritage Insurance Holdings Inc,USD,50,0,0.30%,0.50%,15:30 - 22:00,Mon - Fri,Stock
HRTX.US,Heron Therapeutics Inc,USD,50,0,0.30%,0.50%,15:30 - 22:00,Mon - Fri,Stock
HSBA.UK,HSBC Holdings PLC,GBP,100,0,0.30%,0.50%,09:00 - 17:30,Mon - Fri,Stock
HSBC.US,HSBC Holdings PLC,USD,50,0,0.30%,0.50%,15:30 - 22:00,Mon - Fri,Stock
HSBK.UK,Halyk Bank AO - GDP CFD,USD,100.0,0,0.30%,0.50%,09:00 - 17:30,Mon - Fri,Stock
HSIC.US,Henry Schein Inc,USD,50,0,0.30%,0.50%,15:30 - 22:00,Mon - Fri,Stock
HST.US,Host Hotels & Resorts Inc,USD,50,0,0.30%,0.50%,15:30 - 22:00,Mon - Fri,Stock
HSX.UK,Hiscox Ltd,GBP,100,0,0.30%,0.50%,09:00 - 17:30,Mon - Fri,Stock
HSY.US,Hershey Co,USD,50,0,0.30%,0.50%,15:30 - 22:00,Mon - Fri,Stock
HTG.UK,Hunting PLC,GBP,100,0,0.30%,0.50%,09:00 - 17:30,Mon - Fri,Stock
HTLD.US,Heartland Express Inc,USD,50,0,0.30%,0.50%,15:30 - 22:00,Mon - Fri,Stock
HTO.US,H2O America CFD,USD,50.0,0,0.30%,0.50%,15:30 - 22:00,Mon - Fri,Stock
HTRO.SE,Hexatronic Group AB CFD,SEK,1000,0,0.30%,0.50%,09:00 - 17:30,Mon - Fri,Stock
HUBG.US,Hub Group Inc,USD,50,0,0.30%,0.50%,15:30 - 22:00,Mon - Fri,Stock
HUBS.US,HubSpot Inc,USD,50,0,0.30%,0.50%,15:30 - 22:00,Mon - Fri,Stock
HUM.US,Humana Inc,USD,50,0,0.30%,0.50%,15:30 - 22:00,Mon - Fri,Stock
HUN.US,Huntsman Corp,USD,50,0,0.30%,0.50%,15:30 - 22:00,Mon - Fri,Stock
HURN.US,Huron Consulting Group Inc,USD,50,0,0.30%,0.50%,15:30 - 22:00,Mon - Fri,Stock
HUSQB.SE,Husqvarna AB - class B,SEK,100,0,0.30%,0.50%,09:00 - 17:30,Mon - Fri,Stock
HUYA.US,HUYA Inc - ADR,USD,50,0,0.30%,0.50%,15:30 - 22:00,Mon - Fri,Stock
HWDN.UK,Howden Joinery Group PLC,GBP,100,0,0.30%,0.50%,09:00 - 17:30,Mon - Fri,Stock
HWKN.US,Hawkins Inc CFD,USD,50.0,0,0.30%,0.50%,15:30 - 22:00,Mon - Fri,Stock
HXL.US,Hexcel Corp,USD,50,0,0.30%,0.50%,15:30 - 22:00,Mon - Fri,Stock
HYLN.US*,CLOSE ONLY / Hyliion Holdings Corp. - class A CFD,USD,50,0,0.30%,0.50%,15:30 - 22:00,Mon - Fri,Stock
HYQ.DE,Hypoport SE,EUR,50,0,0.30%,0.50%,09:00 - 17:30,Mon - Fri,Stock
HZO.US,MarineMax Inc,USD,50,0,0.30%,0.50%,15:30 - 22:00,Mon - Fri,Stock
IAC.US,InterActiveCorp,USD,50,0,0.30%,0.50%,15:30 - 22:00,Mon - Fri,Stock
IAG.ES,International Consolidated Airlines Group SA,EUR,100,0,0.30%,0.50%,09:00 - 17:30,Mon - Fri,Stock
IAG.UK,International Consolidated Airlines Group SA,GBP,100,0,0.30%,0.50%,09:00 - 17:30,Mon - Fri,Stock
IART.US,Integra Lifesciences Holdings Corp,USD,50,0,0.30%,0.50%,15:30 - 22:00,Mon - Fri,Stock
IBE1.ES,Iberdrola SA,EUR,100,0,0.30%,0.50%,09:00 - 17:30,Mon - Fri,Stock
IBM.US,International Business Machines Corp,USD,50,0,0.30%,0.50%,15:30 - 22:00,Mon - Fri,Stock
IBN.US,ICICI Bank Ltd - ADR,USD,50,0,0.30%,0.50%,15:30 - 22:00,Mon - Fri,Stock
IBRX.US,Immunitybio Inc CFD,USD,50.0,0,0.30%,0.50%,15:30 - 22:00,Mon - Fri,Stock
ICAD.FR,ICADE,EUR,50,0,0.30%,0.50%,09:00 - 17:30,Mon - Fri,Stock
ICE.US,Intercontinental Exchange Inc,USD,50,0,0.30%,0.50%,15:30 - 22:00,Mon - Fri,Stock
ICG.UK,Intermediate Capital Group PLC CFD,GBP,100,0,0.30%,0.50%,09:00 - 17:30,Mon - Fri,Stock
ICLR.US,ICON PLC CFD,USD,50.0,0,0.30%,0.50%,15:30 - 22:00,Mon - Fri,Stock
IDCC.US,InterDigital Inc,USD,50,0,0.30%,0.50%,15:30 - 22:00,Mon - Fri,Stock
IDL.FR,ID Logistics SAS CFD,EUR,50,0,0.30%,0.50%,09:00 - 17:30,Mon - Fri,Stock
IDR.ES*,CLOSE ONLY / Indra Sistemas CFD,EUR,100,0,0.30%,0.50%,09:00 - 17:30,Mon - Fri,Stock
IDXX.US,IDEXX Laboratories Inc,USD,50,0,0.30%,0.50%,15:30 - 22:00,Mon - Fri,Stock
IESC.US,IES Holdings Inc,USD,50,0,0.30%,0.50%,15:30 - 22:00,Mon - Fri,Stock
IEX.US,IDEX Corp,USD,50,0,0.30%,0.50%,15:30 - 22:00,Mon - Fri,Stock
IFF.US,International Flavors & Fragra,USD,50,0,0.30%,0.50%,15:30 - 22:00,Mon - Fri,Stock
IFX.DE,Infineon Technologies AG,EUR,50,0,0.30%,0.50%,09:00 - 17:30,Mon - Fri,Stock
IG.IT,Italgas SpA,EUR,0,0,0.30%,0.50%,09:00 - 17:30,Mon - Fri,Stock
IGG.UK,IG Group Holdings PLC,GBP,100,0,0.30%,0.50%,09:00 - 17:30,Mon - Fri,Stock
IHG1.UK*,CLOSE ONLY / Intercontinential Hotels Group PLC CFD,USD,100.0,0,0.30%,0.50%,09:00 - 17:30,Mon - Fri,Stock
III.UK,3i Group PLC,GBP,100,0,0.30%,0.50%,09:00 - 17:30,Mon - Fri,Stock
ILMN.US,Illumina Inc,USD,50,0,0.30%,0.50%,15:30 - 22:00,Mon - Fri,Stock
ILPT.US,Industrial Logistics Properties Trust,USD,50,0,0.30%,0.50%,15:30 - 22:00,Mon - Fri,Stock
IMAX.US,Imax Corp,USD,50,0,0.30%,0.50%,15:30 - 22:00,Mon - Fri,Stock
IMB.UK,Imperial Brands PLC,GBP,100,0,0.30%,0.50%,09:00 - 17:30,Mon - Fri,Stock
IMCD.NL,IMCD NV,EUR,100,0,0.30%,0.50%,09:00 - 17:30,Mon - Fri,Stock
IMI.UK,IMI PLC,GBP,100,0,0.30%,0.50%,09:00 - 17:30,Mon - Fri,Stock
IMSR.US,Terrestrial Energy Inc - class A CFD,USD,50.0,0,0.30%,0.50%,15:30 - 22:00,Mon - Fri,Stock
IMVT.US,Immunovant Inc,USD,100,0,0.30%,0.50%,15:30 - 22:00,Mon - Fri,Stock
INCH.UK,Inchcape PLC,GBP,100,0,0.30%,0.50%,09:00 - 17:30,Mon - Fri,Stock
INCY.US,Incyte Corporation,USD,50,0,0.30%,0.50%,15:30 - 22:00,Mon - Fri,Stock
INDUA.SE,Industrivarden AB - class A CFD,SEK,1000.0,0,0.30%,0.50%,09:00 - 17:25,Mon - Fri,Stock
INF.UK,Informa PLC,GBP,100,0,0.30%,0.50%,09:00 - 17:30,Mon - Fri,Stock
INFY.US,Infosys Ltd - ADR,USD,50,0,0.30%,0.50%,15:30 - 22:00,Mon - Fri,Stock
INGA.NL,ING Groep NV,EUR,100,0,0.30%,0.50%,09:00 - 17:30,Mon - Fri,Stock
INGR.US,Ingredion Inc,USD,50,0,0.30%,0.50%,15:30 - 22:00,Mon - Fri,Stock
INMD.US,Inmode Ltd,USD,50,0,0.30%,0.50%,15:30 - 22:00,Mon - Fri,Stock
INO.US*,CLOSE ONLY / Inovio Pharmaceuticals Inc CFD,USD,50,0,0.30%,0.50%,15:30 - 22:00,Mon - Fri,Stock
INPST.NL,Inpost SA,EUR,100,0,0.30%,0.50%,09:00 - 17:30,Mon - Fri,Stock
INSM.US,Insmed Inc,USD,50,0,0.30%,0.50%,15:30 - 22:00,Mon - Fri,Stock
INSP.US,Inspire Medical Systems Inc,USD,50,0,0.30%,0.50%,15:30 - 22:00,Mon - Fri,Stock
INTC.US,Intel Corp,USD,50,0,0.30%,0.50%,15:30 - 22:00,Mon - Fri,Stock
INTRUM.SE,Intrum AB,SEK,1000,0,0.30%,0.50%,09:00 - 17:25,Mon - Fri,Stock
INTU.US,Intuit Inc,USD,50,0,0.30%,0.50%,15:30 - 22:00,Mon - Fri,Stock
INVEB.SE,Investor AB,SEK,1000,0,0.30%,0.50%,09:00 - 17:25,Mon - Fri,Stock
INVH.US,Invitation Homes Inc,USD,50,0,0.30%,0.50%,15:30 - 22:00,Mon - Fri,Stock
INW.IT,Infrastrutture Wireless Italiane SpA,EUR,0,0,0.30%,0.50%,09:00 - 17:30,Mon - Fri,Stock
IONS.US,Ionis Pharmaceuticals Inc,USD,50,0,0.30%,0.50%,15:30 - 22:00,Mon - Fri,Stock
IOS.DE,IONOS Group SE CFD,EUR,50.0,0,0.30%,0.50%,09:00 - 17:30,Mon - Fri,Stock
IOT.US,Samsara Inc - class A,USD,50,0,0.30%,0.50%,15:30 - 22:00,Mon - Fri,Stock
IP.IT,Interpump Group SpA CFD,EUR,0,0,0.30%,0.50%,09:00 - 17:30,Mon - Fri,Stock
IP.US,International Paper Co,USD,50,0,0.30%,0.50%,15:30 - 22:00,Mon - Fri,Stock
IPAR.US,Interparfums Inc CFD,USD,50.0,0,0.30%,0.50%,15:30 - 22:00,Mon - Fri,Stock
IPGP.US,IPG Photonics Corp,USD,50,0,0.30%,0.50%,15:30 - 22:00,Mon - Fri,Stock
IPI.US,Intrepid Potash Inc,USD,50,0,0.30%,0.50%,15:30 - 22:00,Mon - Fri,Stock
IPN.FR,Ipsen SA,EUR,50,0,0.30%,0.50%,09:00 - 17:30,Mon - Fri,Stock
IPS.FR,IPSOS,EUR,50,0,0.30%,0.50%,09:00 - 17:30,Mon - Fri,Stock
IQ.US*,CLOSE ONLY / iQIYI Inc CFD - ADR,USD,50,0,0.30%,0.50%,15:30 - 22:00,Mon - Fri,Stock
IR.US,Ingersoll-Rand Inc.,USD,50,0,0.30%,0.50%,15:30 - 22:00,Mon - Fri,Stock
IRDM.US,Iridium Communications Inc,USD,50,0,0.30%,0.50%,15:30 - 22:00,Mon - Fri,Stock
IRM.US,Iron Mountain Inc,USD,50,0,0.30%,0.50%,15:30 - 22:00,Mon - Fri,Stock
IRTC.US,iRhythm Technologies Inc,USD,50,0,0.30%,0.50%,15:30 - 22:00,Mon - Fri,Stock
ISP.IT*,Intesa Sanpaolo SpA,EUR,0,0,0.30%,0.50%,09:00 - 17:30,Mon - Fri,Stock
ISRG.US,Intuitive Surgical Inc,USD,50,0,0.30%,0.50%,15:30 - 22:00,Mon - Fri,Stock
ISS.DK,ISS A/S,DKK,1000,0,0.30%,0.50%,09:00 - 16:55,Mon - Fri,Stock
IT.US,Gartner Inc,USD,50,0,0.30%,0.50%,15:30 - 22:00,Mon - Fri,Stock
ITP.FR,Interparfums SA,EUR,50,0,0.30%,0.50%,09:00 - 17:30,Mon - Fri,Stock
ITRI.US,Itron Inc,USD,50,0,0.30%,0.50%,15:30 - 22:00,Mon - Fri,Stock
ITRK.UK,Intertek Group PLC,GBP,100,0,0.30%,0.50%,09:00 - 17:30,Mon - Fri,Stock
ITV.UK,ITV PLC,GBP,100,0,0.30%,0.50%,09:00 - 17:30,Mon - Fri,Stock
ITW.US,Illinois Tool Works Inc,USD,50,0,0.30%,0.50%,15:30 - 22:00,Mon - Fri,Stock
ITX.ES,Inditex SA,EUR,100,0,0.30%,0.50%,09:00 - 17:30,Mon - Fri,Stock
IVG.IT,Iveco Group NV,EUR,0,0,0.30%,0.50%,09:00 - 17:30,Mon - Fri,Stock
IWG.UK,IWG Plc,GBP,100,0,0.30%,0.50%,09:00 - 17:30,Mon - Fri,Stock
J.US,Jacobs Engineering Group Inc,USD,50,0,0.30%,0.50%,15:30 - 22:00,Mon - Fri,Stock
JACK.US,Jack in the Box Inc,USD,50,0,0.30%,0.50%,15:30 - 22:00,Mon - Fri,Stock
JBHT.US,JB Hunt Transport Services Inc,USD,50,0,0.30%,0.50%,15:30 - 22:00,Mon - Fri,Stock
JBL.US,Jabil Circuit Inc,USD,50,0,0.30%,0.50%,15:30 - 22:00,Mon - Fri,Stock
JBTM.US,JBT Marel Corp,USD,50,0,0.30%,0.50%,15:30 - 22:00,Mon - Fri,Stock
JCQ.FR,Jacquet Metal Service SA,EUR,50,0,0.30%,0.50%,09:00 - 17:30,Mon - Fri,Stock
JD.UK,JD Sports Fashion PLC,GBP,100,0,0.30%,0.50%,09:00 - 17:30,Mon - Fri,Stock
JD.US,JD.com Inc. - ADR,USD,50,0,0.30%,0.50%,15:30 - 22:00,Mon - Fri,Stock
JEF.US,Jefferies Financial Group Inc,USD,50,0,0.30%,0.50%,15:30 - 22:00,Mon - Fri,Stock
JEN.DE,Jenoptik AG,EUR,50,0,0.30%,0.50%,09:00 - 17:30,Mon - Fri,Stock
JFN.CH,Jungfraubahn Holding AG CFD,CHF,150,0,0.30%,0.50%,09:00 - 17:20,Mon - Fri,Stock
JKHY.US,Jack Henry & Associates Inc,USD,50,0,0.30%,0.50%,15:30 - 22:00,Mon - Fri,Stock
JKS.US,JinkoSolar Holding Co Ltd - ADR,USD,50,0,0.30%,0.50%,15:30 - 22:00,Mon - Fri,Stock
JLL.US,Jones Lang LaSalle Inc,USD,50,0,0.30%,0.50%,15:30 - 22:00,Mon - Fri,Stock
JMAT.UK,Johnson Matthey PLC,GBP,100,0,0.30%,0.50%,09:00 - 17:30,Mon - Fri,Stock
JMIA.US,Jumia Technologies AG - ADR,USD,50,0,0.30%,0.50%,15:30 - 22:00,Mon - Fri,Stock
JMT.PT,Jeronimo Martins SGPS SA,EUR,100,0,0.30%,0.50%,09:00 - 17:30,Mon - Fri,Stock
JNJ.US,Johnson & Johnson,USD,50,0,0.30%,0.50%,15:30 - 22:00,Mon - Fri,Stock
JOYY.US,JOYY Inc - ADR CFD,USD,50.0,0,0.30%,0.50%,15:30 - 22:00,Mon - Fri,Stock
JPM.US,JPMorgan Chase & Co,USD,50,0,0.30%,0.50%,15:30 - 22:00,Mon - Fri,Stock
JUN3.DE,Jungheinrich AG Preference Shares - preference shares,EUR,50,0,0.30%,0.50%,09:00 - 17:30,Mon - Fri,Stock
JUP.UK,Jupiter Fund Management PLC,GBP,100,0,0.30%,0.50%,09:00 - 17:30,Mon - Fri,Stock
JUVE.IT,Juventus Football Club SpA,EUR,0,0,0.30%,0.50%,09:00 - 17:30,Mon - Fri,Stock
JXN.US,Jackson Financial Inc - class A,USD,50,0,0.30%,0.50%,15:30 - 22:00,Mon - Fri,Stock
JYSK.DK,Jyske Bank A/S,DKK,1000,0,0.30%,0.50%,09:00 - 16:55,Mon - Fri,Stock
KALU.US,Kaiser Aluminum Corp CFD (Cboe BZX Real-Time Quote),USD,50,0,0.30%,0.50%,15:30 - 22:00,Mon - Fri,Stock
KBC.BE,KBC Groep NV,EUR,100,0,0.30%,0.50%,09:00 - 17:30,Mon - Fri,Stock
KBH.US,KB Home,USD,50,0,0.30%,0.50%,15:30 - 22:00,Mon - Fri,Stock
KBR.US,KBR Inc,USD,50,0,0.30%,0.50%,15:30 - 22:00,Mon - Fri,Stock
KBX.DE,Knorr Bremse AG,EUR,50,0,0.30%,0.50%,09:00 - 17:30,Mon - Fri,Stock
KC.US*,CLOSE ONLY / Kingsoft Cloud Holdings Ltd - ADR CFD,USD,50.0,0,0.30%,0.50%,15:30 - 22:00,Mon - Fri,Stock
KCO.DE,Kloeckner & Co SE - preference shares,EUR,50,0,0.30%,0.50%,09:00 - 17:30,Mon - Fri,Stock
KCR.FI,Konecranes OYJ - class A,EUR,100,0,0.30%,0.50%,09:00 - 17:25,Mon - Fri,Stock
KD.US,Kyndryl Holdings Inc,USD,50,0,0.30%,0.50%,15:30 - 22:00,Mon - Fri,Stock
KDP.US,Keurig Dr Pepper Inc,USD,50,0,0.30%,0.50%,15:30 - 22:00,Mon - Fri,Stock
KELYA.US,Kelly Services Inc,USD,50,0,0.30%,0.50%,15:30 - 22:00,Mon - Fri,Stock
KEMIRA.FI,Kemira Oyj,EUR,100,0,0.30%,0.50%,09:00 - 17:25,Mon - Fri,Stock
KEP.US,Korea Electric Power Corp,USD,50,0,0.30%,0.50%,15:30 - 22:00,Mon - Fri,Stock
KER.FR,Kering SA,EUR,50,0,0.30%,0.50%,09:00 - 17:30,Mon - Fri,Stock
KESKOB.FI,Kesko Oyj,EUR,100,0,0.30%,0.50%,09:00 - 17:25,Mon - Fri,Stock
KEX.US,Kirby Corp,USD,50,0,0.30%,0.50%,15:30 - 22:00,Mon - Fri,Stock
KFY.US,Korn Ferry,USD,50,0,0.30%,0.50%,15:30 - 22:00,Mon - Fri,Stock
KGF.UK,Kingfisher PLC,GBP,100,0,0.30%,0.50%,09:00 - 17:30,Mon - Fri,Stock
KGX.DE,KION Group AG,EUR,50,0,0.30%,0.50%,09:00 - 17:30,Mon - Fri,Stock
KHC.US,Kraft Heinz Co,USD,50,0,0.30%,0.50%,15:30 - 22:00,Mon - Fri,Stock
KIDS.US,OrthoPediatrics Corp,USD,50,0,0.30%,0.50%,15:30 - 22:00,Mon - Fri,Stock
KIE.UK,Kier Group PLC,GBP,100,0,0.30%,0.50%,09:00 - 17:30,Mon - Fri,Stock
KIM.US,Kimco Realty Corp,USD,50,0,0.30%,0.50%,15:30 - 22:00,Mon - Fri,Stock
KINVB.SE,Kinnevik AB,SEK,1000,0,0.30%,0.50%,09:00 - 17:25,Mon - Fri,Stock
KLAC.US,KLA-Tencor Corp,USD,50,0,0.30%,0.50%,15:30 - 22:00,Mon - Fri,Stock
KLIC.US,Kulicke and Soffa Industries Inc,USD,50,0,0.30%,0.50%,15:30 - 22:00,Mon - Fri,Stock
KMAR.NO,Kongsberg Maritime ASA CFD,NOK,1000.0,0,0.30%,0.50%,09:00 - 16:20,Mon - Fri,Stock
KMB.US,Kimberly-Clark Corp,USD,50,0,0.30%,0.50%,15:30 - 22:00,Mon - Fri,Stock
KMI.US,Kinder Morgan Inc,USD,50,0,0.30%,0.50%,15:30 - 22:00,Mon - Fri,Stock
KMT.US,Kennametal Inc,USD,50,0,0.30%,0.50%,15:30 - 22:00,Mon - Fri,Stock
KMX.US,CarMax Inc,USD,50,0,0.30%,0.50%,15:30 - 22:00,Mon - Fri,Stock
KNEBV.FI,Kone OYJ - class B,EUR,100,0,0.30%,0.50%,09:00 - 17:25,Mon - Fri,Stock
KNSA.US,Kiniksa Pharmaceuticals International PLC,USD,50,0,0.30%,0.50%,15:30 - 22:00,Mon - Fri,Stock
KNSL.US,Kinsale Capital Group Inc,USD,50,0,0.30%,0.50%,15:30 - 22:00,Mon - Fri,Stock
KNX.US,Knight-Swift Transportation Holdings Inc - class A,USD,50,0,0.30%,0.50%,15:30 - 22:00,Mon - Fri,Stock
KO.US,Coca-Cola Co,USD,50,0,0.30%,0.50%,15:30 - 22:00,Mon - Fri,Stock
KOF.FR,Kaufman & Broad SA,EUR,50,0,0.30%,0.50%,09:00 - 17:30,Mon - Fri,Stock
KOMB.CZ,Komercni Banka AS,CZK,0,0,0.30%,0.50%,09:00 - 16:10,Mon - Fri,Stock
KORI.FR*,CLOSE ONLY / Korian SA CFD,EUR,50,0,0.30%,0.50%,09:00 - 17:30,Mon - Fri,Stock
KPN.NL,Koninklijke KPN NV,EUR,100,0,0.30%,0.50%,09:00 - 17:30,Mon - Fri,Stock
KR.US,Kroger Co,USD,50,0,0.30%,0.50%,15:30 - 22:00,Mon - Fri,Stock
KRN.DE,Krones AG,EUR,50,0,0.30%,0.50%,09:00 - 17:30,Mon - Fri,Stock
KRNT.US,Kornit Digital Ltd,USD,50,0,0.30%,0.50%,15:30 - 22:00,Mon - Fri,Stock
KRYS.US,Krystal Biotech Inc CFD,USD,50.0,0,0.30%,0.50%,15:30 - 22:00,Mon - Fri,Stock
KSS.US,Kohl's Corp,USD,50,0,0.30%,0.50%,15:30 - 22:00,Mon - Fri,Stock
KTN.DE,Kontron AG CFD,EUR,50.0,0,0.30%,0.50%,09:00 - 17:30,Mon - Fri,Stock
KTOS.US,Kratos Defense and Security Solutions Inc,USD,50,0,0.30%,0.50%,15:30 - 22:00,Mon - Fri,Stock
KVUE.US,Kenvue Inc,USD,100,0,0.30%,0.50%,15:30 - 22:00,Mon - Fri,Stock
KW.US,Kennedy-Wilson Holdings Inc,USD,50,0,0.30%,0.50%,15:30 - 22:00,Mon - Fri,Stock
KWR.US,Quaker Chemical Corp,USD,50,0,0.30%,0.50%,15:30 - 22:00,Mon - Fri,Stock
KYNB.US,Kyntra Bio Inc CFD,USD,50.0,0,0.30%,0.50%,15:30 - 22:00,Mon - Fri,Stock
KZIA.US,Kazia Therapeutics Ltd,USD,50,0,0.30%,0.50%,15:30 - 22:00,Mon - Fri,Stock
L.US,Loews Corp,USD,50,0,0.30%,0.50%,15:30 - 22:00,Mon - Fri,Stock
LAD.US,Lithia Motors Inc - class A,USD,50,0,0.30%,0.50%,15:30 - 22:00,Mon - Fri,Stock
LAMR.US,Lamar Advertising Co - class A,USD,50,0,0.30%,0.50%,15:30 - 22:00,Mon - Fri,Stock
LAND.UK,Land Securities Group PLC,GBP,100,0,0.30%,0.50%,09:00 - 17:30,Mon - Fri,Stock
LASR.US,nLIGHT Inc,USD,50,0,0.30%,0.50%,15:30 - 22:00,Mon - Fri,Stock
LATOB.SE,Investment AB Latour CFD,SEK,1000,0,0.30%,0.50%,09:00 - 17:25,Mon - Fri,Stock
LAUR.US,Laureate Education Inc,USD,50,0,0.30%,0.50%,15:30 - 22:00,Mon - Fri,Stock
LBTYA.US,Liberty Global Ltd,USD,50,0,0.30%,0.50%,15:30 - 22:00,Mon - Fri,Stock
LCID.US,Lucid Group Inc,USD,50,0,0.30%,0.50%,15:30 - 22:00,Mon - Fri,Stock
LCII.US,LCI Industries,USD,50,0,0.30%,0.50%,15:30 - 22:00,Mon - Fri,Stock
LDO.IT,Leonardo-Finmeccanica SpA,EUR,0,0,0.30%,0.50%,09:00 - 17:30,Mon - Fri,Stock
LDOS.US,Leidos Holdings Inc,USD,50,0,0.30%,0.50%,15:30 - 22:00,Mon - Fri,Stock
LE.US,Lands End Inc,USD,50,0,0.30%,0.50%,15:30 - 22:00,Mon - Fri,Stock
LEA.US,Lear Corp,USD,50,0,0.30%,0.50%,15:30 - 22:00,Mon - Fri,Stock
LECO.US,Lincoln Electric Holdings Inc,USD,50,0,0.30%,0.50%,15:30 - 22:00,Mon - Fri,Stock
LEDS.US,SemiLEDs Corp,USD,50,0,0.30%,0.50%,15:30 - 22:00,Mon - Fri,Stock
LEG.DE,LEG Immobilien AG,EUR,50,0,0.30%,0.50%,09:00 - 17:30,Mon - Fri,Stock
LEG.US,Leggett & Platt Inc,USD,50,0,0.30%,0.50%,15:30 - 22:00,Mon - Fri,Stock
LEGN.US,Legend Biotech Corp,USD,50,0,0.30%,0.50%,15:30 - 22:00,Mon - Fri,Stock
LEN.US,Lennar Corp,USD,50,0,0.30%,0.50%,15:30 - 22:00,Mon - Fri,Stock
LEVI.US,Levi Strauss & Co - class A,USD,100,0,0.30%,0.50%,15:30 - 22:00,Mon - Fri,Stock
LFUS.US,Littelfuse Inc,USD,50,0,0.30%,0.50%,15:30 - 22:00,Mon - Fri,Stock
LGEN.UK,Legal & General Group PLC,GBP,100,0,0.30%,0.50%,09:00 - 17:30,Mon - Fri,Stock
LGIH.US,LGI Homes Inc,USD,50,0,0.30%,0.50%,15:30 - 22:00,Mon - Fri,Stock
LH.US,Laboratory Corp of America Hol,USD,50,0,0.30%,0.50%,15:30 - 22:00,Mon - Fri,Stock
LHA.DE,Deutsche Lufthansa,EUR,50,0,0.30%,0.50%,09:00 - 17:30,Mon - Fri,Stock
LI.FR,Klepierre,EUR,50,0,0.30%,0.50%,09:00 - 17:30,Mon - Fri,Stock
LI.US,Li Auto Inc. - ADR,USD,50,0,0.30%,0.50%,15:30 - 22:00,Mon - Fri,Stock
LIGHT.NL,Signify NV,EUR,100,0,0.30%,0.50%,09:00 - 17:30,Mon - Fri,Stock
LII.US,Lennox International Inc,USD,50,0,0.30%,0.50%,15:30 - 22:00,Mon - Fri,Stock
LIN.DE,Linde PLC,EUR,50,0,0.30%,0.50%,09:00 - 17:30,Mon - Fri,Stock
LIN.FR,Linedata Services SA CFD,EUR,50,0,0.30%,0.50%,09:00 - 17:30,Mon - Fri,Stock
LIN.US,Linde PLC,USD,50,0,0.30%,0.50%,15:30 - 22:00,Mon - Fri,Stock
LINC.US,Lincoln Educational Services Corp,USD,50,0,0.30%,0.50%,15:30 - 22:00,Mon - Fri,Stock
LISN.CH,Chocoladefabriken Lindt & Spruengli AG CFD,CHF,150,0,0.30%,0.50%,09:00 - 17:20,Mon - Fri,Stock
LITE.US,Lumentum Holdings Inc CFD,USD,50.0,0,0.30%,0.50%,15:30 - 22:00,Mon - Fri,Stock
LIVN.US,LivaNova PLC,USD,50,0,0.30%,0.50%,15:30 - 22:00,Mon - Fri,Stock
LKQ.US,LKQ Corp,USD,50,0,0.30%,0.50%,15:30 - 22:00,Mon - Fri,Stock
LLOY.UK,Lloyds Banking Group PLC,GBP,100,0,0.30%,0.50%,09:00 - 17:30,Mon - Fri,Stock
LLY.US,Eli Lilly & Co,USD,50,0,0.30%,0.50%,15:30 - 22:00,Mon - Fri,Stock
LLYVK.US,Liberty Media Corp,USD,100,0,0.30%,0.50%,15:30 - 22:00,Mon - Fri,Stock
LMND.US,Lemonade Inc,USD,50,0,0.30%,0.50%,15:30 - 22:00,Mon - Fri,Stock
LMP.UK,LondonMetric Property PLC,GBP,100,0,0.30%,0.50%,09:00 - 17:30,Mon - Fri,Stock
LMT.US,Lockheed Martin Corp,USD,50,0,0.30%,0.50%,15:30 - 22:00,Mon - Fri,Stock
LNA.FR,LNA Sante SA,EUR,50,0,0.30%,0.50%,09:00 - 17:30,Mon - Fri,Stock
LNC.US,Lincoln National Corp,USD,50,0,0.30%,0.50%,15:30 - 22:00,Mon - Fri,Stock
LNG.US,Cheniere Energy Inc,USD,50,0,0.30%,0.50%,15:30 - 22:00,Mon - Fri,Stock
LNT.US,Alliant Energy Corp,USD,50,0,0.30%,0.50%,15:30 - 22:00,Mon - Fri,Stock
LNTH.US,Lantheus Holdings Inc,USD,50,0,0.30%,0.50%,15:30 - 22:00,Mon - Fri,Stock
LNW.US*,CLOSE ONLY / Light & Wonder Inc CFD,USD,50,0,0.30%,0.50%,15:30 - 22:00,Mon - Fri,Stock
LOB.US,Live Oak Bancshares Inc,USD,50,0,0.30%,0.50%,15:30 - 22:00,Mon - Fri,Stock
LOGI.US,Logitech International SA,USD,50,0,0.30%,0.50%,15:30 - 22:00,Mon - Fri,Stock
LOMA.US,Loma Negra Compania Industrial Argentina SA,USD,50,0,0.30%,0.50%,15:30 - 22:00,Mon - Fri,Stock
LOPE.US,Grand Canyon Education Inc,USD,50,0,0.30%,0.50%,15:30 - 22:00,Mon - Fri,Stock
LOTB.BE,Lotus Bakeries NV CFD,EUR,100.0,0,0.30%,0.50%,09:00 - 17:30,Mon - Fri,Stock
LOUP.FR,Societe LDC SA CFD,EUR,50,0,0.30%,0.50%,09:00 - 17:30,Mon - Fri,Stock
LOW.US,Lowe's Cos Inc.,USD,50,0,0.30%,0.50%,15:30 - 22:00,Mon - Fri,Stock
LPE.FR,Laurent Perrier SA CFD,EUR,50,0,0.30%,0.50%,09:00 - 17:30,Mon - Fri,Stock
LPLA.US,LPL Financial Holdings Inc,USD,50,0,0.30%,0.50%,15:30 - 22:00,Mon - Fri,Stock
LPX.US,Louisiana-Pacific Corp,USD,50,0,0.30%,0.50%,15:30 - 22:00,Mon - Fri,Stock
LR.FR,Legrand,EUR,50,0,0.30%,0.50%,09:00 - 17:30,Mon - Fri,Stock
LRCX.US,Lam Research Corp,USD,50,0,0.30%,0.50%,15:30 - 22:00,Mon - Fri,Stock
LRE.UK,Lancashire Holdings Ltd,GBP,100,0,0.30%,0.50%,09:00 - 17:30,Mon - Fri,Stock
LRN.US,Stride Inc CFD,USD,50.0,0,0.30%,0.50%,15:30 - 22:00,Mon - Fri,Stock
LSEG.UK,London Stock Exchange Group PLC,GBP,100,0,0.30%,0.50%,09:00 - 17:30,Mon - Fri,Stock
LSG.NO,Leroy Seafood Group ASA,NOK,1000,0,0.30%,0.50%,09:00 - 16:20,Mon - Fri,Stock
LSS.FR,Lectra SA CFD,EUR,50,0,0.30%,0.50%,09:00 - 17:30,Mon - Fri,Stock
LSTR.US,Landstar System Inc,USD,50,0,0.30%,0.50%,15:30 - 22:00,Mon - Fri,Stock
LTA.FR,Altamir SCA CFD,EUR,50,0,0.30%,0.50%,09:00 - 17:30,Mon - Fri,Stock
LTBR.US,Lightbridge Corp CFD,USD,50.0,0,0.30%,0.50%,15:30 - 22:00,Mon - Fri,Stock
LTC.US,LTC Properties Inc,USD,50,0,0.30%,0.50%,15:30 - 22:00,Mon - Fri,Stock
LULU.US,Lululemon Athletica Inc,USD,50,0,0.30%,0.50%,15:30 - 22:00,Mon - Fri,Stock
LUMI.SE,Lundin Mining Corp,SEK,1000,0,0.30%,0.50%,09:00 - 17:25,Mon - Fri,Stock
LUNDB.SE,L E Lundbergforetagen AB (publ) - class B CFD,SEK,1000.0,0,0.30%,0.50%,09:00 - 17:25,Mon - Fri,Stock
LUNE.SE*,CLOSE ONLY / Lundin Energy AB CFD,SEK,1000,0,0.30%,0.50%,09:00 - 17:25,Mon - Fri,Stock
LUV.US,SouthWest Airlines Co,USD,50,0,0.30%,0.50%,15:30 - 22:00,Mon - Fri,Stock
LVS.US,Las Vegas Sands Corp,USD,50,0,0.30%,0.50%,15:30 - 22:00,Mon - Fri,Stock
LXS.DE,Lanxess AG,EUR,50,0,0.30%,0.50%,09:00 - 17:30,Mon - Fri,Stock
LYB.US,LyondellBasell Industries NV,USD,50,0,0.30%,0.50%,15:30 - 22:00,Mon - Fri,Stock
LYFT.US,Lyft Inc - class A,USD,50,0,0.30%,0.50%,15:30 - 22:00,Mon - Fri,Stock
LYG.US,Lloyds Banking Group PLC,USD,50,0,0.30%,0.50%,15:30 - 22:00,Mon - Fri,Stock
LYV.US,Live Nation Entertainment Inc,USD,50,0,0.30%,0.50%,15:30 - 22:00,Mon - Fri,Stock
LZB.US,La-Z-Boy Inc,USD,50,0,0.30%,0.50%,15:30 - 22:00,Mon - Fri,Stock
M.US*,CLOSE ONLY / Macy's Inc. CFD,USD,50,0,0.30%,0.50%,15:30 - 22:00,Mon - Fri,Stock
MA.US,Mastercard Inc - class A,USD,50,0,0.30%,0.50%,15:30 - 22:00,Mon - Fri,Stock
MAA.US,Mid-America Apartment Communit,USD,50,0,0.30%,0.50%,15:30 - 22:00,Mon - Fri,Stock
MAERSKA.DK,AP Moeller - Maersk A/S - class A,DKK,1000,0,0.30%,0.50%,09:00 - 16:55,Mon - Fri,Stock
MAERSKB.DK,AP Moeller - Maersk A/S - class B,DKK,1000,0,0.30%,0.50%,09:00 - 16:55,Mon - Fri,Stock
MAN.US,ManpowerGroup Inc,USD,50,0,0.30%,0.50%,15:30 - 22:00,Mon - Fri,Stock
MANH.US,Manhattan Associates Inc,USD,50,0,0.30%,0.50%,15:30 - 22:00,Mon - Fri,Stock
MANTA.FI,Mandatum Oyj CFD,EUR,100.0,0,0.30%,0.50%,09:00 - 17:25,Mon - Fri,Stock
MANU.US,MANCHESTER UNITED PLC,USD,0,0,0.30%,0.50%,15:30 - 22:00,Mon - Fri,Stock
MAP.ES,Mapfre SA,EUR,100,0,0.30%,0.50%,09:00 - 17:30,Mon - Fri,Stock
MAR.US,Marriott International Inc,USD,50,0,0.30%,0.50%,15:30 - 22:00,Mon - Fri,Stock
MARA.US,Marathon Digital Holdings Inc,USD,50,0,0.30%,0.50%,15:30 - 22:00,Mon - Fri,Stock
MARS.UK,Marstons PLC,GBP,100,0,0.30%,0.50%,09:00 - 17:30,Mon - Fri,Stock
MAS.US,Masco Corp,USD,50,0,0.30%,0.50%,15:30 - 22:00,Mon - Fri,Stock
MASI.US,Masimo Corp,USD,50,0,0.30%,0.50%,15:30 - 22:00,Mon - Fri,Stock
MATV.US,Mativ Holdings Inc,USD,100,0,0.30%,0.50%,15:30 - 22:00,Mon - Fri,Stock
MATX.US,Matson Inc,USD,50,0,0.30%,0.50%,15:30 - 22:00,Mon - Fri,Stock
MAXN.US*,CLOSE ONLY / Maxeon Solar Technologies Ltd CFD,USD,50,0,0.30%,0.50%,15:30 - 22:00,Mon - Fri,Stock
MB.IT,Mediobanca Banca di Credito Fi,EUR,0,0,0.30%,0.50%,09:00 - 17:30,Mon - Fri,Stock
MBG.DE,Mercedes-Benz Group AG,EUR,50,0,0.30%,0.50%,09:00 - 17:30,Mon - Fri,Stock
MBIN.US,Merchants Bancorp,USD,50,0,0.30%,0.50%,15:30 - 22:00,Mon - Fri,Stock
MBLY.US,Mobileye Global Inc - class A,USD,50,0,0.30%,0.50%,15:30 - 22:00,Mon - Fri,Stock
MBUU.US,Malibu Boats Inc - class A,USD,50,0,0.30%,0.50%,15:30 - 22:00,Mon - Fri,Stock
MBWS.FR,Marie Brizard Wine and Spirits SA CFD,EUR,50,0,0.30%,0.50%,09:00 - 17:30,Mon - Fri,Stock
MC.FR,LVMH Moet Hennessy Louis Vuitton SA,EUR,50,0,0.30%,0.50%,09:00 - 17:30,Mon - Fri,Stock
MC.US,Moelis & Co,USD,50,0,0.30%,0.50%,15:30 - 22:00,Mon - Fri,Stock
MCD.US,McDonald's Corp,USD,50,0,0.30%,0.50%,15:30 - 22:00,Mon - Fri,Stock
MCG.UK,Mobico Group PLC,GBP,100,0,0.30%,0.50%,09:00 - 17:30,Mon - Fri,Stock
MCHP.US,Microchip Technology Inc,USD,50,0,0.30%,0.50%,15:30 - 22:00,Mon - Fri,Stock
MCK.US,McKesson Corp,USD,50,0,0.30%,0.50%,15:30 - 22:00,Mon - Fri,Stock
MCO.US,Moody's Corp,USD,50,0,0.30%,0.50%,15:30 - 22:00,Mon - Fri,Stock
MD.US,MEDNAX Inc,USD,50,0,0.30%,0.50%,15:30 - 22:00,Mon - Fri,Stock
MDB.US,MongoDB Inc - class A,USD,50,0,0.30%,0.50%,15:30 - 22:00,Mon - Fri,Stock
MDLZ.US,Mondelez International Inc - class A,USD,50,0,0.30%,0.50%,15:30 - 22:00,Mon - Fri,Stock
MDM.FR,Maisons du Monde SA,EUR,50,0,0.30%,0.50%,09:00 - 17:30,Mon - Fri,Stock
MDT.US,Medtronic INC,USD,50,0,0.30%,0.50%,15:30 - 22:00,Mon - Fri,Stock
MDU.US,MDU Resources Group Inc,USD,50,0,0.30%,0.50%,15:30 - 22:00,Mon - Fri,Stock
MED.US,Medifast Inc,USD,50,0,0.30%,0.50%,15:30 - 22:00,Mon - Fri,Stock
MEDP.US,Medpace Holdings Inc,USD,50,0,0.30%,0.50%,15:30 - 22:00,Mon - Fri,Stock
MEGP.UK,ME Group International PLC,GBP,100,0,0.30%,0.50%,09:00 - 17:30,Mon - Fri,Stock
MEL.ES,Melia Hotels International SA,EUR,100,0,0.30%,0.50%,09:00 - 17:30,Mon - Fri,Stock
MELI.US,MercadoLibre Inc,USD,50,0,0.30%,0.50%,15:30 - 22:00,Mon - Fri,Stock
MERY.FR,Mercialys SA,EUR,50,0,0.30%,0.50%,09:00 - 17:30,Mon - Fri,Stock
MET.US,MetLife Inc,USD,50,0,0.30%,0.50%,15:30 - 22:00,Mon - Fri,Stock
META.US,Meta Platforms Inc - class A,USD,50,0,0.30%,0.50%,15:30 - 22:00,Mon - Fri,Stock
METSB.FI,Metsa Board OYJ,EUR,100,0,0.30%,0.50%,09:00 - 17:25,Mon - Fri,Stock
METSO.FI,Metso OYJ,EUR,100,0,0.30%,0.50%,09:00 - 17:25,Mon - Fri,Stock
MF.FR,Wendel SA,EUR,50,0,0.30%,0.50%,09:00 - 17:30,Mon - Fri,Stock
MFC.US,Manulife Financial Corp,USD,50,0,0.30%,0.50%,15:30 - 22:00,Mon - Fri,Stock
MFEB.IT,MFE-MEDIAFOREUROPE NV,EUR,0,0,0.30%,0.50%,09:00 - 17:30,Mon - Fri,Stock
MFG.US,Mizuho Financial Group Inc,USD,50,0,0.30%,0.50%,15:30 - 22:00,Mon - Fri,Stock
MGA.US,Magna International Inc,USD,50,0,0.30%,0.50%,15:30 - 22:00,Mon - Fri,Stock
MGAM.UK,Morgan Advanced Materials PLC,GBP,100,0,0.30%,0.50%,09:00 - 17:30,Mon - Fri,Stock
MGM.US,MGM Resorts International,USD,50,0,0.30%,0.50%,15:30 - 22:00,Mon - Fri,Stock
MGNI.US,Magnite Inc,USD,50,0,0.30%,0.50%,15:30 - 22:00,Mon - Fri,Stock
MGPI.US,MGP Ingredients Inc,USD,50,0,0.30%,0.50%,15:30 - 22:00,Mon - Fri,Stock
MGY.US,Magnolia Oil & Gas Corp - class A,USD,50,0,0.30%,0.50%,15:30 - 22:00,Mon - Fri,Stock
MHK.US,Mohawk Industries Inc,USD,50,0,0.30%,0.50%,15:30 - 22:00,Mon - Fri,Stock
MICC.NL,Magnum Ice Cream Company NV CFD,EUR,100.0,0,0.30%,0.50%,09:00 - 17:30,Mon - Fri,Stock
MIPS.SE,Mips AB,SEK,1000,0,0.30%,0.50%,09:00 - 17:25,Mon - Fri,Stock
MKC.US,McCormick & Co Inc,USD,50,0,0.30%,0.50%,15:30 - 22:00,Mon - Fri,Stock
MKL.US,Markel Corp,USD,50,0,0.30%,0.50%,15:30 - 22:00,Mon - Fri,Stock
MKS.UK,Marks & Spencer Group PLC,GBP,100,0,0.30%,0.50%,09:00 - 17:30,Mon - Fri,Stock
MKTX.US,MarketAxess Holdings Inc,USD,50,0,0.30%,0.50%,15:30 - 22:00,Mon - Fri,Stock
ML.FR,Cie Generale des Etablissements Michelin,EUR,50,0,0.30%,0.50%,09:00 - 17:30,Mon - Fri,Stock
MLCO.US,Melco Resorts & Entertainment Ltd - ADR,USD,50,0,0.30%,0.50%,15:30 - 22:00,Mon - Fri,Stock
MLI.US,Mueller Industries Inc,USD,50,0,0.30%,0.50%,15:30 - 22:00,Mon - Fri,Stock
MLKN.US,MillerKnoll Inc,USD,50,0,0.30%,0.50%,15:30 - 22:00,Mon - Fri,Stock
MLM.US,Martin Marietta Materials Inc,USD,50,0,0.30%,0.50%,15:30 - 22:00,Mon - Fri,Stock
MMB.FR,Lagardere SCA,EUR,50,0,0.30%,0.50%,09:00 - 17:30,Mon - Fri,Stock
MMC.US*,CLOSE ONLY / Marsh & McLennan Cos Inc CFD,USD,50,0,0.30%,0.50%,15:30 - 22:00,Mon - Fri,Stock
MMM.US,3M Co,USD,50,0,0.30%,0.50%,15:30 - 22:00,Mon - Fri,Stock
MMS.US,MAXIMUS Inc,USD,50,0,0.30%,0.50%,15:30 - 22:00,Mon - Fri,Stock
MMSI.US,Merit Medical Systems Inc CFD,USD,50.0,0,0.30%,0.50%,15:30 - 22:00,Mon - Fri,Stock
MMT.FR,Metropole Television SA,EUR,50,0,0.30%,0.50%,09:00 - 17:30,Mon - Fri,Stock
MMTX.CH,MindMaze Therapeutics Holding SA CFD,CHF,150.0,0,0.30%,0.50%,09:00 - 17:20,Mon - Fri,Stock
MMYT.US,Makemytrip LTD,USD,50,0,0.30%,0.50%,15:30 - 22:00,Mon - Fri,Stock
MNDI.UK,Mondi PLC,GBP,100,0,0.30%,0.50%,09:00 - 17:30,Mon - Fri,Stock
MNDY.US,Monday.Com Ltd,USD,50,0,0.30%,0.50%,15:30 - 22:00,Mon - Fri,Stock
MNG.UK,M&G PLC,GBP,100,0,0.30%,0.50%,09:00 - 17:30,Mon - Fri,Stock
MNKD.US,MannKind Corp,USD,50,0,0.30%,0.50%,15:30 - 22:00,Mon - Fri,Stock
MNRO.US,Monro Inc CFD,USD,50.0,0,0.30%,0.50%,15:30 - 22:00,Mon - Fri,Stock
MNST.US,Monster Beverage Corp,USD,50,0,0.30%,0.50%,15:30 - 22:00,Mon - Fri,Stock
MO.US,Altria Group Inc.,USD,50,0,0.30%,0.50%,15:30 - 22:00,Mon - Fri,Stock
MOD.US,Modine Manufacturing Co,USD,100,0,0.30%,0.50%,15:30 - 22:00,Mon - Fri,Stock
MOGA.US,Moog Inc CFD,USD,50.0,0,0.30%,0.50%,15:30 - 22:00,Mon - Fri,Stock
MOH.US,Molina Healthcare Inc,USD,50,0,0.30%,0.50%,15:30 - 22:00,Mon - Fri,Stock
MOMO.US,Momo Inc - ADR,USD,50,0,0.30%,0.50%,15:30 - 22:00,Mon - Fri,Stock
MONC.IT,Moncler SPA,EUR,0,0,0.30%,0.50%,09:00 - 17:30,Mon - Fri,Stock
MONET.CZ,Moneta Money Bank,CZK,0,0,0.30%,0.50%,09:00 - 16:10,Mon - Fri,Stock
MONY.UK,Moneysupermarket.com Group PLC,GBP,100,0,0.30%,0.50%,09:00 - 17:30,Mon - Fri,Stock
MORN.US,Morningstar Inc,USD,100,0,0.30%,0.50%,15:30 - 22:00,Mon - Fri,Stock
MOS.US,Mosaic Co,USD,50,0,0.30%,0.50%,15:30 - 22:00,Mon - Fri,Stock
MOWI.NO,Mowi ASA,NOK,1000,0,0.30%,0.50%,09:00 - 16:20,Mon - Fri,Stock
MP.US,Mp Materials Corp - class A,USD,50,0,0.30%,0.50%,15:30 - 22:00,Mon - Fri,Stock
MPC.US,Marathon Petroleum Corp.,USD,50,0,0.30%,0.50%,15:30 - 22:00,Mon - Fri,Stock
MPT.US,Medical Properties Trust Inc CFD,USD,50.0,0,0.30%,0.50%,15:30 - 22:00,Mon - Fri,Stock
MPW.US*,CLOSE ONLY / Medical Properties Trust Inc CFD,USD,50,0,0.30%,0.50%,15:30 - 22:00,Mon - Fri,Stock
MPWR.US,Monolithic Power Systems Inc,USD,50,0,0.30%,0.50%,15:30 - 22:00,Mon - Fri,Stock
MRCY.US,Mercury Systems Inc,USD,50,0,0.30%,0.50%,15:30 - 22:00,Mon - Fri,Stock
MRK.DE,Merck KGAA,EUR,50,0,0.30%,0.50%,09:00 - 17:30,Mon - Fri,Stock
MRK.US,Merck & Co Inc,USD,50,0,0.30%,0.50%,15:30 - 22:00,Mon - Fri,Stock
MRL.ES,MERLIN Properties SOCIMI SA,EUR,100,0,0.30%,0.50%,09:00 - 17:30,Mon - Fri,Stock
MRNA.US,Moderna Inc,USD,50,0,0.30%,0.50%,15:30 - 22:00,Mon - Fri,Stock
MRO.UK,Melrose Industries PLC,GBP,100,0,0.30%,0.50%,09:00 - 17:30,Mon - Fri,Stock
MRSH.US,Marsh & McLennan Companies Inc CFD,USD,50.0,0,0.30%,0.50%,15:30 - 22:00,Mon - Fri,Stock
MRVL.US,Marvell Technology Group Ltd,USD,50,0,0.30%,0.50%,15:30 - 22:00,Mon - Fri,Stock
MS.IT*,CLOSE ONLY / Mediaset SpA CFD,EUR,0,0,0.30%,0.50%,09:00 - 17:30,Mon - Fri,Stock
MS.US,Morgan Stanley,USD,50,0,0.30%,0.50%,15:30 - 22:00,Mon - Fri,Stock
MSCI.US,MSCI Inc - class A,USD,50,0,0.30%,0.50%,15:30 - 22:00,Mon - Fri,Stock
MSFT.US,Microsoft Corp,USD,50,0,0.30%,0.50%,15:30 - 22:00,Mon - Fri,Stock
MSGS.US,Madison Square Garden Sports Corp - class A CFD,USD,50.0,0,0.30%,0.50%,15:30 - 22:00,Mon - Fri,Stock
MSI.US,Motorola Solutions Inc,USD,50,0,0.30%,0.50%,15:30 - 22:00,Mon - Fri,Stock
MSM.US,MSC Industrial Direct Co Inc - class A,USD,50,0,0.30%,0.50%,15:30 - 22:00,Mon - Fri,Stock
MT.NL,ArcelorMittal,EUR,100,0,0.30%,0.50%,09:00 - 17:30,Mon - Fri,Stock
MT.US,ArcelorMittal SA - ADR,USD,100,0,0.30%,0.50%,15:30 - 22:00,Mon - Fri,Stock
MTB.US,M&T Bank Corp,USD,50,0,0.30%,0.50%,15:30 - 22:00,Mon - Fri,Stock
MTCH.US,Match Group Inc,USD,50,0,0.30%,0.50%,15:30 - 22:00,Mon - Fri,Stock
MTD.US,Mettler-Toledo International I,USD,50,0,0.30%,0.50%,15:30 - 22:00,Mon - Fri,Stock
MTG.US,MGIC Investment Corp,USD,50,0,0.30%,0.50%,15:30 - 22:00,Mon - Fri,Stock
MTH.US,Meritage Homes Corp,USD,50,0,0.30%,0.50%,15:30 - 22:00,Mon - Fri,Stock
MTN.US,Vail Resorts Inc,USD,50,0,0.30%,0.50%,15:30 - 22:00,Mon - Fri,Stock
MTO.UK,Mitie Group PLC,GBP,100,0,0.30%,0.50%,09:00 - 17:30,Mon - Fri,Stock
MTRN.US,Materion Corp,USD,50,0,0.30%,0.50%,15:30 - 22:00,Mon - Fri,Stock
MTS.ES,ArcelorMittal,EUR,100,0,0.30%,0.50%,09:00 - 17:30,Mon - Fri,Stock
MTSI.US,MACOM Technology Solutions Holdings Inc,USD,50,0,0.30%,0.50%,15:30 - 22:00,Mon - Fri,Stock
MTU.FR,Manitou BF SA CFD,EUR,50,0,0.30%,0.50%,09:00 - 17:30,Mon - Fri,Stock
MTX.DE,MTU Aero Engines AG,EUR,50,0,0.30%,0.50%,09:00 - 17:30,Mon - Fri,Stock
MTZ.US,MasTec Inc,USD,50,0,0.30%,0.50%,15:30 - 22:00,Mon - Fri,Stock
MU.US,Micron Technology INC,USD,50,0,0.30%,0.50%,15:30 - 22:00,Mon - Fri,Stock
MUFG.US,Mitsubishi UFJ Financial Group Inc,USD,50,0,0.30%,0.50%,15:30 - 22:00,Mon - Fri,Stock
MUV2.DE,Muenchener Rueckversicherungs AG,EUR,50,0,0.30%,0.50%,09:00 - 17:30,Mon - Fri,Stock
MVC.ES,Metrovacesa SA,EUR,100,0,0.30%,0.50%,09:00 - 17:30,Mon - Fri,Stock
MWA.US,Mueller Water Products Inc CFD,USD,50.0,0,0.30%,0.50%,15:30 - 22:00,Mon - Fri,Stock
MXL.US,Maxlinear Inc,USD,50,0,0.30%,0.50%,15:30 - 22:00,Mon - Fri,Stock
MYGN.US,Myriad Genetics Inc,USD,50,0,0.30%,0.50%,15:30 - 22:00,Mon - Fri,Stock
MYRG.US,MYR Group Inc,USD,50,0,0.30%,0.50%,15:30 - 22:00,Mon - Fri,Stock
NACON.FR,Nacon SAS CFD,EUR,50,0,0.30%,0.50%,09:00 - 17:30,Mon - Fri,Stock
NAS.NO,Norwegian Air Shuttle ASA,NOK,1000,0,0.30%,0.50%,09:00 - 16:20,Mon - Fri,Stock
NATL.US,NCR Atleos Corp,USD,50,0,0.30%,0.50%,15:30 - 22:00,Mon - Fri,Stock
NBIS.US,Nebius Group NV CFD,USD,50.0,0,0.30%,0.50%,15:30 - 22:00,Mon - Fri,Stock
NBIX.US,Neurocrine Biosciences Inc,USD,50,0,0.30%,0.50%,15:30 - 22:00,Mon - Fri,Stock
NCLH.US,Norwegian Cruise Line Holdings Ltd,USD,50,0,0.30%,0.50%,15:30 - 22:00,Mon - Fri,Stock
NCNO.US,Ncino Inc,USD,50,0,0.30%,0.50%,15:30 - 22:00,Mon - Fri,Stock
NCR.US*,CLOSE ONLY / NCR Corp CFD,USD,50,0,0.30%,0.50%,15:30 - 22:00,Mon - Fri,Stock
NDA.DE,Aurubis AG,EUR,50,0,0.30%,0.50%,09:00 - 17:30,Mon - Fri,Stock
NDA.DK,Nordea Bank AB,DKK,1000,0,0.30%,0.50%,09:00 - 16:55,Mon - Fri,Stock
NDA.FI,Nordea Bank Abp,EUR,100,0,0.30%,0.50%,09:00 - 17:25,Mon - Fri,Stock
NDA.SE,Nordea Bank AB,SEK,1000,0,0.30%,0.50%,09:00 - 17:25,Mon - Fri,Stock
NDAQ.US,NASDAQ OMX Group Inc,USD,50,0,0.30%,0.50%,15:30 - 22:00,Mon - Fri,Stock
NDLS.US,Noodles & Co,USD,50,0,0.30%,0.50%,15:30 - 22:00,Mon - Fri,Stock
NDSN.US,Nordson Corp,USD,50,0,0.30%,0.50%,15:30 - 22:00,Mon - Fri,Stock
NDX1.DE,Nordex SE,EUR,50,0,0.30%,0.50%,09:00 - 17:30,Mon - Fri,Stock
NE.US,Noble Corporation PLC CFD,USD,50.0,0,0.30%,0.50%,15:30 - 22:00,Mon - Fri,Stock
NEE.US,NextEra Energy Inc,USD,50,0,0.30%,0.50%,15:30 - 22:00,Mon - Fri,Stock
NEL.NO,NEL ASA - class A,NOK,1000,0,0.30%,0.50%,09:00 - 16:20,Mon - Fri,Stock
NEM.DE,Nemetschek SE,EUR,50,0,0.30%,0.50%,09:00 - 17:30,Mon - Fri,Stock
NEM.US,Newmont Mining Corp,USD,50,0,0.30%,0.50%,15:30 - 22:00,Mon - Fri,Stock
NEO.US,Neogenomics Inc,USD,50,0,0.30%,0.50%,15:30 - 22:00,Mon - Fri,Stock
NESN.CH,Nestle SA,CHF,150,0,0.30%,0.50%,09:00 - 17:20,Mon - Fri,Stock
NESTE.FI,Neste Oyj,EUR,100,0,0.30%,0.50%,09:00 - 17:25,Mon - Fri,Stock
NEX.FR,Nexans SA,EUR,50,0,0.30%,0.50%,09:00 - 17:30,Mon - Fri,Stock
NFE.US,New Fortress Energy Inc - class A,USD,50,0,0.30%,0.50%,15:30 - 22:00,Mon - Fri,Stock
NFG.US,National Fuel Gas Co,USD,50,0,0.30%,0.50%,15:30 - 22:00,Mon - Fri,Stock
NFLX.US,Netflix Inc.,USD,50,0,0.30%,0.50%,15:30 - 22:00,Mon - Fri,Stock
NG.UK,National Grid PLC,GBP,100,0,0.30%,0.50%,09:00 - 17:30,Mon - Fri,Stock
NG.US,NovaGold Resources Inc,USD,50,0,0.30%,0.50%,15:30 - 22:00,Mon - Fri,Stock
NGG.US,National Grid PLC - ADR,USD,50,0,0.30%,0.50%,15:30 - 22:00,Mon - Fri,Stock
NGVC.US,Natural Grocers by Vitamin Cottage Inc,USD,50,0,0.30%,0.50%,15:30 - 22:00,Mon - Fri,Stock
NHI.US,National Health Investors Inc,USD,50,0,0.30%,0.50%,15:30 - 22:00,Mon - Fri,Stock
NHY.NO,Norsk Hydro ASA,NOK,1000,0,0.30%,0.50%,09:00 - 16:20,Mon - Fri,Stock
NI.US,NiSource Inc,USD,50,0,0.30%,0.50%,15:30 - 22:00,Mon - Fri,Stock
NICE.US,Nice Ltd - ADR,USD,50,0,0.30%,0.50%,15:30 - 22:00,Mon - Fri,Stock
NIO.US,NIO Inc - class A,USD,50,0,0.30%,0.50%,15:30 - 22:00,Mon - Fri,Stock
NJR.US,New Jersey Resources Corp,USD,50,0,0.30%,0.50%,15:30 - 22:00,Mon - Fri,Stock
NK.FR,Imerys SA,EUR,50,0,0.30%,0.50%,09:00 - 17:30,Mon - Fri,Stock
NKE.US,NIKE Inc,USD,50,0,0.30%,0.50%,15:30 - 22:00,Mon - Fri,Stock
NKLA.US*,CLOSE ONLY / Nikola Corporation CFD,USD,50,0,0.30%,0.50%,15:30 - 22:00,Mon - Fri,Stock
NKT.DK,Nkt A/S CFD,DKK,1000,0,0.30%,0.50%,09:00 - 16:55,Mon - Fri,Stock
NKTR.US,Nektar Therapeutics - class A,USD,50,0,0.30%,0.50%,15:30 - 22:00,Mon - Fri,Stock
NLS.US*,CLOSE ONLY / Nautilus Inc CFD,USD,50,0,0.30%,0.50%,15:30 - 22:00,Mon - Fri,Stock
NMIH.US,NMI Holdings Inc CFD,USD,50.0,0,0.30%,0.50%,15:30 - 22:00,Mon - Fri,Stock
NN.NL,NN Group NV,EUR,100,0,0.30%,0.50%,09:00 - 17:30,Mon - Fri,Stock
NN.US,NextNav Inc,USD,50,0,0.30%,0.50%,15:30 - 22:00,Mon - Fri,Stock
NNN.US,National Retail Properties Inc,USD,50,0,0.30%,0.50%,15:30 - 22:00,Mon - Fri,Stock
NNOX.US,Nano-X Imaging Ltd,USD,50,0,0.30%,0.50%,15:30 - 22:00,Mon - Fri,Stock
NOC.US,Northrop Grumman Corp,USD,50,0,0.30%,0.50%,15:30 - 22:00,Mon - Fri,Stock
NOD.NO,Nordic Semiconductor ASA,NOK,1000,0,0.30%,0.50%,09:00 - 16:20,Mon - Fri,Stock
NOEJ.DE,Norma Group SE,EUR,50,0,0.30%,0.50%,09:00 - 17:30,Mon - Fri,Stock
NOKIA.FI,Nokia OYJ,EUR,100,0,0.30%,0.50%,09:00 - 17:25,Mon - Fri,Stock
NOMD.US,Nomad Foods Ltd,USD,50,0,0.30%,0.50%,15:30 - 22:00,Mon - Fri,Stock
NOS.PT,Zon Multimedia Servicos de Telecomunicac,EUR,100,0,0.30%,0.50%,09:00 - 17:30,Mon - Fri,Stock
NOV.US,NOV Inc.,USD,50,0,0.30%,0.50%,15:30 - 22:00,Mon - Fri,Stock
NOVN.CH,Novartis AG,CHF,150,0,0.30%,0.50%,09:00 - 17:20,Mon - Fri,Stock
NOVOB.DK,Novo Nordisk A/S,DKK,1000,0,0.30%,0.50%,09:00 - 16:55,Mon - Fri,Stock
NOW.US,ServiceNow Inc,USD,50,0,0.30%,0.50%,15:30 - 22:00,Mon - Fri,Stock
NRG.FR,NRJ Group SA CFD,EUR,50,0,0.30%,0.50%,09:00 - 17:30,Mon - Fri,Stock
NRG.US,NRG Energy Inc,USD,50,0,0.30%,0.50%,15:30 - 22:00,Mon - Fri,Stock
NRIM.US,Northrim BanCorp Inc,USD,50,0,0.30%,0.50%,15:30 - 22:00,Mon - Fri,Stock
NRO.FR,Neurones SA CFD,EUR,50,0,0.30%,0.50%,09:00 - 17:30,Mon - Fri,Stock
NSC.US,Norfolk Southern Corp,USD,50,0,0.30%,0.50%,15:30 - 22:00,Mon - Fri,Stock
NSISB.DK,Novozymes A/S - class B CFD,DKK,1000,0,0.30%,0.50%,09:00 - 16:55,Mon - Fri,Stock
NSP.US,Insperity Inc CFD,USD,50.0,0,0.30%,0.50%,15:30 - 22:00,Mon - Fri,Stock
NTAP.US,NetApp Inc,USD,50,0,0.30%,0.50%,15:30 - 22:00,Mon - Fri,Stock
NTCT.US,NetScout Systems Inc,USD,50,0,0.30%,0.50%,15:30 - 22:00,Mon - Fri,Stock
NTES.US,NetEase Inc - ADR,USD,50,0,0.30%,0.50%,15:30 - 22:00,Mon - Fri,Stock
NTGR.US,NETGEAR Inc,USD,50,0,0.30%,0.50%,15:30 - 22:00,Mon - Fri,Stock
NTGY.ES,Naturgy Energy Group SA,EUR,100,0,0.30%,0.50%,09:00 - 17:30,Mon - Fri,Stock
NTLA.US,Intellia Therapeutics Inc CFD,USD,50.0,0,0.30%,0.50%,15:30 - 22:00,Mon - Fri,Stock
NTNX.US,Nutanix Inc - class A,USD,50,0,0.30%,0.50%,15:30 - 22:00,Mon - Fri,Stock
NTR.US,Nutrien Ltd,USD,50,0,0.30%,0.50%,15:30 - 22:00,Mon - Fri,Stock
NTRA.US,Natera Inc,USD,50,0,0.30%,0.50%,15:30 - 22:00,Mon - Fri,Stock
NTRS.US,Nothern Trust Corp,USD,50,0,0.30%,0.50%,15:30 - 22:00,Mon - Fri,Stock
NU.US,Nu Holdings Ltd - class A,USD,50,0,0.30%,0.50%,15:30 - 22:00,Mon - Fri,Stock
NUE.US,Nucor Corp,USD,50,0,0.30%,0.50%,15:30 - 22:00,Mon - Fri,Stock
NVAX.US,Novavax Inc,USD,50,0,0.30%,0.50%,15:30 - 22:00,Mon - Fri,Stock
NVCR.US,Novocure Ltd,USD,50,0,0.30%,0.50%,15:30 - 22:00,Mon - Fri,Stock
NVDA.US,NVIDIA Corp,USD,50,0,0.30%,0.50%,15:30 - 22:00,Mon - Fri,Stock
NVMI.US,Nova Ltd,USD,50,0,0.30%,0.50%,15:30 - 22:00,Mon - Fri,Stock
NVO.US,Novo Nordisk A/S - ADR,USD,50,0,0.30%,0.50%,15:30 - 22:00,Mon - Fri,Stock
NVR.US,NVR Inc,USD,50,0,0.30%,0.50%,15:30 - 22:00,Mon - Fri,Stock
NVS.US,Novartis AG - ADR,USD,50,0,0.30%,0.50%,15:30 - 22:00,Mon - Fri,Stock
NVST.US,Envista Holdings Corp,USD,50,0,0.30%,0.50%,15:30 - 22:00,Mon - Fri,Stock
NVT.US,nVent Electric PLC CFD,USD,50.0,0,0.30%,0.50%,15:30 - 22:00,Mon - Fri,Stock
NVTS.US,Navitas Semiconductor Corp CFD (Cboe BZX Real-Time Quote),USD,50,0,0.30%,0.50%,15:30 - 22:00,Mon - Fri,Stock
NWBI.US,Northwest Bancshares Inc,USD,100,0,0.30%,0.50%,15:30 - 22:00,Mon - Fri,Stock
NWG.UK,Natwest Group PLC,GBP,100,0,0.30%,0.50%,09:00 - 17:30,Mon - Fri,Stock
NWG.US,NatWest Group PLC,USD,50,0,0.30%,0.50%,15:30 - 22:00,Mon - Fri,Stock
NWL.US,Newell Rubbermaid Inc,USD,50,0,0.30%,0.50%,15:30 - 22:00,Mon - Fri,Stock
NX.US,Quanex Building Products Corp,USD,50,0,0.30%,0.50%,15:30 - 22:00,Mon - Fri,Stock
NXI.FR,Nexity SA,EUR,50,0,0.30%,0.50%,09:00 - 17:30,Mon - Fri,Stock
NXPI.US,NXP Semiconductors NV,USD,50,0,0.30%,0.50%,15:30 - 22:00,Mon - Fri,Stock
NXST.US,Nexstar Media Group Inc - class A,USD,50,0,0.30%,0.50%,15:30 - 22:00,Mon - Fri,Stock
NXT.UK,Next PLC,GBP,100,0,0.30%,0.50%,09:00 - 17:30,Mon - Fri,Stock
NXT.US,Nextracker Inc - class A,USD,100,0,0.30%,0.50%,15:30 - 22:00,Mon - Fri,Stock
NYT.US,New York Times Co - class C,USD,50,0,0.30%,0.50%,15:30 - 22:00,Mon - Fri,Stock
O.US,Realty Income Corp,USD,50,0,0.30%,0.50%,15:30 - 22:00,Mon - Fri,Stock
O2D.DE*,CLOSE ONLY / Telefonica Deutschland Holding AG CFD,EUR,50,0,0.30%,0.50%,09:00 - 17:30,Mon - Fri,Stock
OBDC.US,Blue Owl Capital Corp,USD,50,0,0.30%,0.50%,15:30 - 22:00,Mon - Fri,Stock
OC.US,Owens Corning,USD,50,0,0.30%,0.50%,15:30 - 22:00,Mon - Fri,Stock
OCDO.UK,Ocado Group PLC,GBP,100,0,0.30%,0.50%,09:00 - 17:30,Mon - Fri,Stock
OCI.NL,OCI NV,EUR,100,0,0.30%,0.50%,09:00 - 17:30,Mon - Fri,Stock
ODET.FR,Compagnie De l'odet SE CFD,EUR,50,0,0.30%,0.50%,09:00 - 17:30,Mon - Fri,Stock
ODFL.US,Old Dominion Freight Line Inc,USD,50,0,0.30%,0.50%,15:30 - 22:00,Mon - Fri,Stock
OERL.CH,OC Oerlikon Corporation AG Pfaeffikon,CHF,150,0,0.30%,0.50%,09:00 - 17:20,Mon - Fri,Stock
OGN.US,Organon & Co,USD,50,0,0.30%,0.50%,15:30 - 22:00,Mon - Fri,Stock
OHI.US,Omega Healthcare Investors Inc,USD,50,0,0.30%,0.50%,15:30 - 22:00,Mon - Fri,Stock
OHL.ES*,CLOSE ONLY / Obrascon Huarte Lain SA CFD,EUR,100,0,0.30%,0.50%,09:00 - 17:30,Mon - Fri,Stock
OKE.US,ONEOK Inc,USD,50,0,0.30%,0.50%,15:30 - 22:00,Mon - Fri,Stock
OKLO.US,Oklo Inc CFD,USD,50.0,0,0.30%,0.50%,15:30 - 22:00,Mon - Fri,Stock
OKTA.US,Okta Inc - class A,USD,50,0,0.30%,0.50%,15:30 - 22:00,Mon - Fri,Stock
OLED.US,Universal Display Corp,USD,50,0,0.30%,0.50%,15:30 - 22:00,Mon - Fri,Stock
OLLI.US,Ollie's Bargain Outlet Holdings Inc,USD,50,0,0.30%,0.50%,15:30 - 22:00,Mon - Fri,Stock
OLN.US,Olin Corp,USD,50,0,0.30%,0.50%,15:30 - 22:00,Mon - Fri,Stock
OLP.US,One Liberty Properties Inc CFD,USD,50.0,0,0.30%,0.50%,15:30 - 22:00,Mon - Fri,Stock
OMC.US,Omnicom Group Inc,USD,50,0,0.30%,0.50%,15:30 - 22:00,Mon - Fri,Stock
ON.US,ON Semiconductor Corp,USD,50,0,0.30%,0.50%,15:30 - 22:00,Mon - Fri,Stock
ONTO.US,Onto Innovation Inc,USD,100,0,0.30%,0.50%,15:30 - 22:00,Mon - Fri,Stock
OPCH.US,Option Care Health Inc CFD,USD,50.0,0,0.30%,0.50%,15:30 - 22:00,Mon - Fri,Stock
OPEN.US,Opendoor Technologies Inc - class A,USD,50,0,0.30%,0.50%,15:30 - 22:00,Mon - Fri,Stock
OPM.FR,Opmobility SE CFD,EUR,50,0,0.30%,0.50%,09:00 - 17:30,Mon - Fri,Stock
OR.FR,L'Oreal SA,EUR,50,0,0.30%,0.50%,09:00 - 17:30,Mon - Fri,Stock
ORA.FR,Orange SA,EUR,50,0,0.30%,0.50%,09:00 - 17:30,Mon - Fri,Stock
ORA.US,Ormat Technologies Inc,USD,50,0,0.30%,0.50%,15:30 - 22:00,Mon - Fri,Stock
ORCL.US,Oracle Corp,USD,50,0,0.30%,0.50%,15:30 - 22:00,Mon - Fri,Stock
ORI.US,Old Republic International Cor,USD,50,0,0.30%,0.50%,15:30 - 22:00,Mon - Fri,Stock
ORK.NO,Orkla ASA,NOK,1000,0,0.30%,0.50%,09:00 - 16:20,Mon - Fri,Stock
ORLY.US,O'Reilly Automotive Inc,USD,50,0,0.30%,0.50%,15:30 - 22:00,Mon - Fri,Stock
ORNBV.FI,Orion Oyj,EUR,100,0,0.30%,0.50%,09:00 - 17:25,Mon - Fri,Stock
ORP.FR*,CLOSE ONLY / Orpea CFD,EUR,50,0,0.30%,0.50%,09:00 - 17:30,Mon - Fri,Stock
ORRON.SE,Orron Energy AB,SEK,1000,0,0.30%,0.50%,09:00 - 17:25,Mon - Fri,Stock
ORSTED.DK,Orsted A/S,DKK,1000,0,0.30%,0.50%,09:00 - 16:55,Mon - Fri,Stock
OSB.UK,OSB Group PLC CFD,GBP,100,0,0.30%,0.50%,09:00 - 17:30,Mon - Fri,Stock
OSG.US,Octave Specialty Group Inc CFD,USD,50.0,0,0.30%,0.50%,15:30 - 22:00,Mon - Fri,Stock
OSIS.US,OSI Systems Inc,USD,50,0,0.30%,0.50%,15:30 - 22:00,Mon - Fri,Stock
OSK.US,Oshkosh Corp,USD,50,0,0.30%,0.50%,15:30 - 22:00,Mon - Fri,Stock
OTIS.US,Otis Worldwide Corp,USD,50,0,0.30%,0.50%,15:30 - 22:00,Mon - Fri,Stock
OTLY.US,Oatly Group AB - ADR,USD,50,0,0.30%,0.50%,15:30 - 22:00,Mon - Fri,Stock
OTTR.US,Otter Tail Corp,USD,50,0,0.30%,0.50%,15:30 - 22:00,Mon - Fri,Stock
OUST.US,Ouster Inc,USD,50,0,0.30%,0.50%,15:30 - 22:00,Mon - Fri,Stock
OUT1V.FI,Outokumpu OYJ,EUR,100,0,0.30%,0.50%,09:00 - 17:25,Mon - Fri,Stock
OVH.FR,Ovh Groupe SA,EUR,50,0,0.30%,0.50%,09:00 - 17:30,Mon - Fri,Stock
OXM.US,Oxford Industries Inc,USD,50,0,0.30%,0.50%,15:30 - 22:00,Mon - Fri,Stock
OXY.US,Occidental Petroleum CORP,USD,50,0,0.30%,0.50%,15:30 - 22:00,Mon - Fri,Stock
OZK.US,Bank OZK,USD,50,0,0.30%,0.50%,15:30 - 22:00,Mon - Fri,Stock
P1.US,Everpure Inc - class A CFD,USD,50.0,0,0.30%,0.50%,15:30 - 22:00,Mon - Fri,Stock
P911.DE,Dr Ing hc F Porsche AG - preference shares,EUR,50,0,0.30%,0.50%,09:00 - 17:30,Mon - Fri,Stock
PAAS.US,Pan American Silver Corp,USD,50,0,0.30%,0.50%,15:30 - 22:00,Mon - Fri,Stock
PAC.US,Grupo Aeroportuario del Pacifico SAB de CV - ADR,USD,50,0,0.30%,0.50%,15:30 - 22:00,Mon - Fri,Stock
PACB.US,Pacific Biosciences of California Inc,USD,50,0,0.30%,0.50%,15:30 - 22:00,Mon - Fri,Stock
PAG.UK,Paragon Group of Cos PLC,GBP,100,0,0.30%,0.50%,09:00 - 17:30,Mon - Fri,Stock
PAGE.UK,Page Group PLC,GBP,100,0,0.30%,0.50%,09:00 - 17:30,Mon - Fri,Stock
PAH3.DE,Porsche Automobil Holding SE - preference shares,EUR,50,0,0.30%,0.50%,09:00 - 17:30,Mon - Fri,Stock
PAHC.US,Phibro Animal Health Corp,USD,50,0,0.30%,0.50%,15:30 - 22:00,Mon - Fri,Stock
PANW.US,Palo Alto Networks Inc,USD,50,0,0.30%,0.50%,15:30 - 22:00,Mon - Fri,Stock
PARP.FR,Groupe Partouche SA CFD,EUR,50,0,0.30%,0.50%,09:00 - 17:30,Mon - Fri,Stock
PARR.US,Par Pacific Holdings Inc,USD,50,0,0.30%,0.50%,15:30 - 22:00,Mon - Fri,Stock
PARRO.FR,Parrot SA CFD,EUR,50,0,0.30%,0.50%,09:00 - 17:30,Mon - Fri,Stock
PATH.US,Uipath Inc - class A,USD,50,0,0.30%,0.50%,15:30 - 22:00,Mon - Fri,Stock
PAY.US,Paymentus Holdings Inc - class A CFD,USD,50.0,0,0.30%,0.50%,15:30 - 22:00,Mon - Fri,Stock
PAYC.US,Paycom Software Inc,USD,50,0,0.30%,0.50%,15:30 - 22:00,Mon - Fri,Stock
PAYX.US,Paychex Inc,USD,50,0,0.30%,0.50%,15:30 - 22:00,Mon - Fri,Stock
PB.US,Prosperity Bancshares Inc,USD,50,0,0.30%,0.50%,15:30 - 22:00,Mon - Fri,Stock
PBR.US,Petroleo Brasileiro SA Petrobras CFD,USD,50.0,0,0.30%,0.50%,15:30 - 22:00,Mon - Fri,Stock
PBRA.US,Petroleo Brasileiro SA Petrobras - ADR,USD,50,0,0.30%,0.50%,15:30 - 22:00,Mon - Fri,Stock
PCAR.US,PACCAR Inc,USD,50,0,0.30%,0.50%,15:30 - 22:00,Mon - Fri,Stock
PCRX.US,Pacira Biosciences Inc,USD,50,0,0.30%,0.50%,15:30 - 22:00,Mon - Fri,Stock
PCTY.US,Paylocity Holding Corp,USD,50,0,0.30%,0.50%,15:30 - 22:00,Mon - Fri,Stock
PDD.US,Pinduoduo Inc - ADR,USD,50,0,0.30%,0.50%,15:30 - 22:00,Mon - Fri,Stock
PEAK.US*,CLOSE ONLY / Healthpeak Properties Inc CFD,USD,50,0,0.30%,0.50%,15:30 - 22:00,Mon - Fri,Stock
PEG.US,Public Service Enterprise Grou,USD,50,0,0.30%,0.50%,15:30 - 22:00,Mon - Fri,Stock
PEGA.US,Pegasystems Inc,USD,50,0,0.30%,0.50%,15:30 - 22:00,Mon - Fri,Stock
PEN.US,Penumbra Inc,USD,100,0,0.30%,0.50%,15:30 - 22:00,Mon - Fri,Stock
PENG.US,Penguin Solutions Inc CFD,USD,50.0,0,0.30%,0.50%,15:30 - 22:00,Mon - Fri,Stock
PENN.US,Penn National Gaming Inc,USD,50,0,0.30%,0.50%,15:30 - 22:00,Mon - Fri,Stock
PEP.US,PepsiCo Inc,USD,50,0,0.30%,0.50%,15:30 - 22:00,Mon - Fri,Stock
PETS.UK,Pets at Home Group Plc,GBP,100,0,0.30%,0.50%,09:00 - 17:30,Mon - Fri,Stock
PEUG.FR,Peugeot Invest SA,EUR,50,0,0.30%,0.50%,09:00 - 17:30,Mon - Fri,Stock
PFC.UK*,CLOSE ONLY / Petrofac Ltd CFD,GBP,100,0,0.30%,0.50%,09:00 - 17:30,Mon - Fri,Stock
PFE.US,Pfizer Inc,USD,50,0,0.30%,0.50%,15:30 - 22:00,Mon - Fri,Stock
PFG.US,Principal Financial Group Inc,USD,50,0,0.30%,0.50%,15:30 - 22:00,Mon - Fri,Stock
PFGC.US,Performance Food Group Co (Cboe BZX Real-Time Quote),USD,50,0,0.30%,0.50%,15:30 - 22:00,Mon - Fri,Stock
PFLT.US,PennantPark Floating Rate Capital Ltd,USD,50,0,0.30%,0.50%,15:30 - 22:00,Mon - Fri,Stock
PFSI.US,PennyMac Financial Services Inc,USD,50,0,0.30%,0.50%,15:30 - 22:00,Mon - Fri,Stock
PG.US,Procter & Gamble Co,USD,50,0,0.30%,0.50%,15:30 - 22:00,Mon - Fri,Stock
PGHN.CH,Partners Group Holding AG,CHF,150,0,0.30%,0.50%,09:00 - 17:20,Mon - Fri,Stock
PGR.US,Progressive Corp,USD,50,0,0.30%,0.50%,15:30 - 22:00,Mon - Fri,Stock
PH.US,Parker-Hannifin Corp,USD,50,0,0.30%,0.50%,15:30 - 22:00,Mon - Fri,Stock
PHIA.NL,Koninklijke Philips NV,EUR,100,0,0.30%,0.50%,09:00 - 17:30,Mon - Fri,Stock
PHIN.US,Phinia Inc CFD,USD,50.0,0,0.30%,0.50%,15:30 - 22:00,Mon - Fri,Stock
PHM.ES,Pharma Mar SA,EUR,100,0,0.30%,0.50%,09:00 - 17:30,Mon - Fri,Stock
PHM.US,PulteGroup Inc,USD,50,0,0.30%,0.50%,15:30 - 22:00,Mon - Fri,Stock
PHNX.UK,Phoenix Group Holdings,GBP,100,0,0.30%,0.50%,09:00 - 17:30,Mon - Fri,Stock
PHP.UK,Primary Health Properties PLC,GBP,100,0,0.30%,0.50%,09:00 - 17:30,Mon - Fri,Stock
PHR.PT,Pharol SGPS SA,EUR,100,0,0.30%,0.50%,09:00 - 17:30,Mon - Fri,Stock
PI.US,Impinj Inc CFD,USD,50.0,0,0.30%,0.50%,15:30 - 22:00,Mon - Fri,Stock
PIG.FR,Haulotte Group SA CFD,EUR,50,0,0.30%,0.50%,09:00 - 17:30,Mon - Fri,Stock
PII.US,Polaris Industries Inc,USD,50,0,0.30%,0.50%,15:30 - 22:00,Mon - Fri,Stock
PINS.US,Pinterest Inc - class A,USD,50,0,0.30%,0.50%,15:30 - 22:00,Mon - Fri,Stock
PIRC.IT,Pirelli & C SpA,EUR,0,0,0.30%,0.50%,09:00 - 17:30,Mon - Fri,Stock
PKG.US,Packaging Corp of America,USD,50,0,0.30%,0.50%,15:30 - 22:00,Mon - Fri,Stock
PKX.US,POSCO - ADR,USD,50,0,0.30%,0.50%,15:30 - 22:00,Mon - Fri,Stock
PLAB.US,Photronics Inc,USD,50,0,0.30%,0.50%,15:30 - 22:00,Mon - Fri,Stock
PLD.US,Prologis Inc,USD,50,0,0.30%,0.50%,15:30 - 22:00,Mon - Fri,Stock
PLMR.US,Palomar Holdings Inc,USD,50,0,0.30%,0.50%,15:30 - 22:00,Mon - Fri,Stock
PLNT.US,Planet Fitness Inc - class A,USD,50,0,0.30%,0.50%,15:30 - 22:00,Mon - Fri,Stock
PLTR.US,Palantir Technologies Inc - class A,USD,50,0,0.30%,0.50%,15:30 - 22:00,Mon - Fri,Stock
PLUG.US,Plug Power Inc,USD,50,0,0.30%,0.50%,15:30 - 22:00,Mon - Fri,Stock
PLUS.UK,Plus500 Ltd,GBP,100,0,0.30%,0.50%,09:00 - 17:30,Mon - Fri,Stock
PLUS.US,ePlus inc,USD,100,0,0.30%,0.50%,15:30 - 22:00,Mon - Fri,Stock
PLXS.US,Plexus Corp,USD,100,0,0.30%,0.50%,15:30 - 22:00,Mon - Fri,Stock
PM.US,Philip Morris International Inc,USD,50,0,0.30%,0.50%,15:30 - 22:00,Mon - Fri,Stock
PMT.US,PennyMac Mortgage Investment Trust,USD,50,0,0.30%,0.50%,15:30 - 22:00,Mon - Fri,Stock
PNC.US,PNC Financial Services Group I,USD,50,0,0.30%,0.50%,15:30 - 22:00,Mon - Fri,Stock
PNDORA.DK,Pandora A/S,DKK,1000,0,0.30%,0.50%,09:00 - 16:55,Mon - Fri,Stock
PNE3.DE,PNE AG,EUR,50,0,0.30%,0.50%,09:00 - 17:30,Mon - Fri,Stock
PNFP.US,Pinnacle Financial Partners Inc,USD,50,0,0.30%,0.50%,15:30 - 22:00,Mon - Fri,Stock
PNL.NL,PostNL NV,EUR,100,0,0.30%,0.50%,09:00 - 17:30,Mon - Fri,Stock
PNN.UK,Pennon Group PLC,GBP,100,0,0.30%,0.50%,09:00 - 17:30,Mon - Fri,Stock
PNR.US,Pentair PLC,USD,50,0,0.30%,0.50%,15:30 - 22:00,Mon - Fri,Stock
PNTG.US,Pennant Group Inc,USD,50,0,0.30%,0.50%,15:30 - 22:00,Mon - Fri,Stock
PNW.US,Pinnacle West Capital Corp,USD,50,0,0.30%,0.50%,15:30 - 22:00,Mon - Fri,Stock
PODD.US,Insulet Corp,USD,50,0,0.30%,0.50%,15:30 - 22:00,Mon - Fri,Stock
POR.US,Portland General Electric Co,USD,50,0,0.30%,0.50%,15:30 - 22:00,Mon - Fri,Stock
POST.US,Post Holdings Inc,USD,50,0,0.30%,0.50%,15:30 - 22:00,Mon - Fri,Stock
PPC.US,Pilgrims Pride Corp,USD,50,0,0.30%,0.50%,15:30 - 22:00,Mon - Fri,Stock
PPG.US,PPG Industries Inc,USD,50,0,0.30%,0.50%,15:30 - 22:00,Mon - Fri,Stock
PPL.US,PPL Corp,USD,50,0,0.30%,0.50%,15:30 - 22:00,Mon - Fri,Stock
PR.US,Permian Resources Corp - class A,USD,50,0,0.30%,0.50%,15:30 - 22:00,Mon - Fri,Stock
PRDO.US,Perdoceo Education Corp,USD,50,0,0.30%,0.50%,15:30 - 22:00,Mon - Fri,Stock
PRG.US,PROG Holdings Inc,USD,50,0,0.30%,0.50%,15:30 - 22:00,Mon - Fri,Stock
PRGO.US,Perrigo Co PLC,USD,50,0,0.30%,0.50%,15:30 - 22:00,Mon - Fri,Stock
PRGS.US,Progress Software Corp CFD,USD,50.0,0,0.30%,0.50%,15:30 - 22:00,Mon - Fri,Stock
PRIM.US,Primoris Services Corp,USD,50,0,0.30%,0.50%,15:30 - 22:00,Mon - Fri,Stock
PRKS.US,United Parks & Resorts Inc,USD,50,0,0.30%,0.50%,15:30 - 22:00,Mon - Fri,Stock
PRLB.US,Proto Labs Inc,USD,50,0,0.30%,0.50%,15:30 - 22:00,Mon - Fri,Stock
PRO.US*,CLOSE ONLY / Pros Holdings Inc CFD,USD,50,0,0.30%,0.50%,15:30 - 22:00,Mon - Fri,Stock
PROX.BE,Proximus SADP,EUR,100,0,0.30%,0.50%,09:00 - 17:30,Mon - Fri,Stock
PRTA.US,Prothena Corporation PLC,USD,50,0,0.30%,0.50%,15:30 - 22:00,Mon - Fri,Stock
PRU.UK,Prudential PLC,GBP,100,0,0.30%,0.50%,09:00 - 17:30,Mon - Fri,Stock
PRU.US,Prudential Financial Inc,USD,50,0,0.30%,0.50%,15:30 - 22:00,Mon - Fri,Stock
PRX.NL,Prosus NV,EUR,100,0,0.30%,0.50%,09:00 - 17:30,Mon - Fri,Stock
PRY.IT,Prysmian SpA,EUR,0,0,0.30%,0.50%,09:00 - 17:30,Mon - Fri,Stock
PSA.US,Public Storage,USD,50,0,0.30%,0.50%,15:30 - 22:00,Mon - Fri,Stock
PSKY.US,Paramount Skydance Corp - class B CFD,USD,50.0,0,0.30%,0.50%,15:30 - 22:00,Mon - Fri,Stock
PSM.DE,ProSiebenSat1 Media AG,EUR,50,0,0.30%,0.50%,09:00 - 17:30,Mon - Fri,Stock
PSN.UK,Persimmon PLC,GBP,100,0,0.30%,0.50%,09:00 - 17:30,Mon - Fri,Stock
PSNL.US,Personalis Inc,USD,50,0,0.30%,0.50%,15:30 - 22:00,Mon - Fri,Stock
PSON.UK,Pearson PLC,GBP,100,0,0.30%,0.50%,09:00 - 17:30,Mon - Fri,Stock
PST.IT,Poste Italiane SpA,EUR,0,0,0.30%,0.50%,09:00 - 17:30,Mon - Fri,Stock
PSX.US,Phillips 66,USD,50,0,0.30%,0.50%,15:30 - 22:00,Mon - Fri,Stock
PTEC.UK,Playtech Plc,GBP,100,0,0.30%,0.50%,09:00 - 17:30,Mon - Fri,Stock
PTLO.US,Portillos Inc - class A,USD,100,0,0.30%,0.50%,15:30 - 22:00,Mon - Fri,Stock
PTON.US,Peloton Interactive Inc - class A,USD,50,0,0.30%,0.50%,15:30 - 22:00,Mon - Fri,Stock
PUB.FR,Publicis Groupe SA,EUR,50,0,0.30%,0.50%,09:00 - 17:30,Mon - Fri,Stock
PUM.DE,Puma SE,EUR,50,0,0.30%,0.50%,09:00 - 17:30,Mon - Fri,Stock
PUMP.US,ProPetro Holding Corp,USD,50,0,0.30%,0.50%,15:30 - 22:00,Mon - Fri,Stock
PVH.US,PVH Corp,USD,50,0,0.30%,0.50%,15:30 - 22:00,Mon - Fri,Stock
PWR.US,Quanta Services Inc,USD,50,0,0.30%,0.50%,15:30 - 22:00,Mon - Fri,Stock
PYPL.US,PayPal Holdings Inc,USD,50,0,0.30%,0.50%,15:30 - 22:00,Mon - Fri,Stock
PZC.UK,PZ Cussons PLC,GBP,100,0,0.30%,0.50%,09:00 - 17:30,Mon - Fri,Stock
QCOM.US,QUALCOMM Inc,USD,50,0,0.30%,0.50%,15:30 - 22:00,Mon - Fri,Stock
QDEL.US,Quidelortho Corp,USD,50,0,0.30%,0.50%,15:30 - 22:00,Mon - Fri,Stock
QGEN.US,QIAGEN NV,USD,50,0,0.30%,0.50%,15:30 - 22:00,Mon - Fri,Stock
QIA.DE,Qiagen NV CFD,EUR,50.0,0,0.30%,0.50%,09:00 - 17:30,Mon - Fri,Stock
QLYS.US,Qualys Inc,USD,50,0,0.30%,0.50%,15:30 - 22:00,Mon - Fri,Stock
QQ.UK,QinetiQ Group PLC,GBP,100,0,0.30%,0.50%,09:00 - 17:30,Mon - Fri,Stock
QRVO.US,Qorvo Inc,USD,50,0,0.30%,0.50%,15:30 - 22:00,Mon - Fri,Stock
QS.US,Quantumscape Corp - class A,USD,50,0,0.30%,0.50%,15:30 - 22:00,Mon - Fri,Stock
QTWO.US,Q2 Holdings Inc,USD,50,0,0.30%,0.50%,15:30 - 22:00,Mon - Fri,Stock
R.US,Ryder System Inc,USD,50,0,0.30%,0.50%,15:30 - 22:00,Mon - Fri,Stock
RAA.DE,Rational AG CFD,EUR,50.0,0,0.30%,0.50%,09:00 - 17:30,Mon - Fri,Stock
RACE.IT,Ferrari NV,EUR,0,0,0.30%,0.50%,09:00 - 17:30,Mon - Fri,Stock
RACE.US,Ferrari NV,USD,50,0,0.30%,0.50%,15:30 - 22:00,Mon - Fri,Stock
RAMP.US,Liveramp Holdings Inc,USD,50,0,0.30%,0.50%,15:30 - 22:00,Mon - Fri,Stock
RAND.NL,Randstad Holding NV,EUR,100,0,0.30%,0.50%,09:00 - 17:30,Mon - Fri,Stock
RARE.US,Ultragenyx Pharmaceutical Inc,USD,50,0,0.30%,0.50%,15:30 - 22:00,Mon - Fri,Stock
RAVE.US,Rave Restaurant Group Inc,USD,50,0,0.30%,0.50%,15:30 - 22:00,Mon - Fri,Stock
RBAG.CZ,Erste Group Bank AG,CZK,0,0,0.30%,0.50%,09:00 - 16:10,Mon - Fri,Stock
RBLX.US,Roblox Corp - class A,USD,50,0,0.30%,0.50%,15:30 - 22:00,Mon - Fri,Stock
RBT.FR,Robertet SA CFD,EUR,50,0,0.30%,0.50%,09:00 - 17:30,Mon - Fri,Stock
RCKT.US,Rocket Pharmaceuticals Inc,USD,50,0,0.30%,0.50%,15:30 - 22:00,Mon - Fri,Stock
RCL.US,Royal Caribbean Cruises Ltd,USD,50,0,0.30%,0.50%,15:30 - 22:00,Mon - Fri,Stock
RCO.FR,Remy Cointreau SA,EUR,50,0,0.30%,0.50%,09:00 - 17:30,Mon - Fri,Stock
RCUS.US,Arcus Biosciences Inc,USD,50,0,0.30%,0.50%,15:30 - 22:00,Mon - Fri,Stock
RDC.DE,Redcare Pharmacy NV,EUR,50,0,0.30%,0.50%,09:00 - 17:30,Mon - Fri,Stock
RDDT.US,Reddit Inc - class A CFD (Cboe BZX Real-Time Quote),USD,50,0,0.30%,0.50%,15:30 - 22:00,Mon - Fri,Stock
RDN.US,Radian Group Inc,USD,50,0,0.30%,0.50%,15:30 - 22:00,Mon - Fri,Stock
RDNT.US,RadNet Inc CFD,USD,50.0,0,0.30%,0.50%,15:30 - 22:00,Mon - Fri,Stock
RDSA.NL*,CLOSE ONLY / Royal Dutch Shell PLC CFD,EUR,100,0,0.30%,0.50%,09:00 - 17:30,Mon - Fri,Stock
RDWR.US,Radware Ltd,USD,50,0,0.30%,0.50%,15:30 - 22:00,Mon - Fri,Stock
RDY.US,Dr Reddy's Laboratories Ltd,USD,50,0,0.30%,0.50%,15:30 - 22:00,Mon - Fri,Stock
RE.US,Everest Re Group Ltd,USD,50,0,0.30%,0.50%,15:30 - 22:00,Mon - Fri,Stock
REC.IT,Recordati SpA,EUR,0,0,0.30%,0.50%,09:00 - 17:30,Mon - Fri,Stock
RECSI.NO,REC Silicon ASA,NOK,1000,0,0.30%,0.50%,09:00 - 16:20,Mon - Fri,Stock
RED.ES,Red Electrica Corporacion SA,EUR,100,0,0.30%,0.50%,09:00 - 17:30,Mon - Fri,Stock
REG.US,Regency Centers Corp,USD,50,0,0.30%,0.50%,15:30 - 22:00,Mon - Fri,Stock
REGN.US,Regeneron Pharmaceuticals,USD,50,0,0.30%,0.50%,15:30 - 22:00,Mon - Fri,Stock
REL.UK,Reed Elsevier PLC,GBP,100,0,0.30%,0.50%,09:00 - 17:30,Mon - Fri,Stock
RENE.PT,REN - Redes Energeticas Nacionais SGPS SA,EUR,100,0,0.30%,0.50%,09:00 - 17:30,Mon - Fri,Stock
REP1.ES,Repsol YPF SA,EUR,100,0,0.30%,0.50%,09:00 - 17:30,Mon - Fri,Stock
REPL.US,Replimune Group Inc,USD,50,0,0.30%,0.50%,15:30 - 22:00,Mon - Fri,Stock
REY.IT,Reply SpA,EUR,0,0,0.30%,0.50%,09:00 - 17:30,Mon - Fri,Stock
REZI.US,Resideo Technologies Inc,USD,50,0,0.30%,0.50%,15:30 - 22:00,Mon - Fri,Stock
RF.FR,Eurazeo SA,EUR,50,0,0.30%,0.50%,09:00 - 17:30,Mon - Fri,Stock
RFIL.US,RF Industries Ltd,USD,50,0,0.30%,0.50%,15:30 - 22:00,Mon - Fri,Stock
RGA.US,Reinsurance Group of America I - class A,USD,50,0,0.30%,0.50%,15:30 - 22:00,Mon - Fri,Stock
RGEN.US,Repligen Corp,USD,50,0,0.30%,0.50%,15:30 - 22:00,Mon - Fri,Stock
RGLD.US,Royal Gold Inc,USD,50,0,0.30%,0.50%,15:30 - 22:00,Mon - Fri,Stock
RGNX.US,Regenxbio Inc,USD,50,0,0.30%,0.50%,15:30 - 22:00,Mon - Fri,Stock
RGR.US,Sturm Ruger & Company Inc,USD,50,0,0.30%,0.50%,15:30 - 22:00,Mon - Fri,Stock
RH.US,RH,USD,50,0,0.30%,0.50%,15:30 - 22:00,Mon - Fri,Stock
RHI.US,Robert Half International Inc,USD,50,0,0.30%,0.50%,15:30 - 22:00,Mon - Fri,Stock
RHIM.UK,RHI Magnesita NV,GBP,100,0,0.30%,0.50%,09:00 - 17:30,Mon - Fri,Stock
RHM.DE,Rheinmetall AG,EUR,50,0,0.30%,0.50%,09:00 - 17:30,Mon - Fri,Stock
RHP.US,Ryman Hospitality Properties Inc,USD,50,0,0.30%,0.50%,15:30 - 22:00,Mon - Fri,Stock
RI.FR,Pernod-Richard SA,EUR,50,0,0.30%,0.50%,09:00 - 17:30,Mon - Fri,Stock
RICK.US,RCI Hospitality Holdings Inc,USD,100,0,0.30%,0.50%,15:30 - 22:00,Mon - Fri,Stock
RIO.UK,Rio Tinto PLC,GBP,100,0,0.30%,0.50%,09:00 - 17:30,Mon - Fri,Stock
RIO.US,Rio Tinto PLC - ADR,USD,50,0,0.30%,0.50%,15:30 - 22:00,Mon - Fri,Stock
RITM.US,Rithm Capital Corp,USD,50,0,0.30%,0.50%,15:30 - 22:00,Mon - Fri,Stock
RIVN.US,Rivian Automotive Inc - class A,USD,50,0,0.30%,0.50%,15:30 - 22:00,Mon - Fri,Stock
RJF.US,Raymond James Financial Inc,USD,50,0,0.30%,0.50%,15:30 - 22:00,Mon - Fri,Stock
RKT.UK,Reckitt Benckiser Group PLC,GBP,100,0,0.30%,0.50%,09:00 - 17:30,Mon - Fri,Stock
RL.US,Polo Ralph Lauren Corp - class A,USD,50,0,0.30%,0.50%,15:30 - 22:00,Mon - Fri,Stock
RLI.US,Rli Corp,USD,50,0,0.30%,0.50%,15:30 - 22:00,Mon - Fri,Stock
RMBS.US,Rambus Inc,USD,50,0,0.30%,0.50%,15:30 - 22:00,Mon - Fri,Stock
RMD.US,ResMed Inc,USD,50,0,0.30%,0.50%,15:30 - 22:00,Mon - Fri,Stock
RMS.FR,Hermes International,EUR,50,0,0.30%,0.50%,09:00 - 17:30,Mon - Fri,Stock
RMV.UK,Rightmove PLC,GBP,100,0,0.30%,0.50%,09:00 - 17:30,Mon - Fri,Stock
RNO.FR,Renault SA,EUR,50,0,0.30%,0.50%,09:00 - 17:30,Mon - Fri,Stock
RNR.US,RenaissanceRe Holdings Ltd,USD,50,0,0.30%,0.50%,15:30 - 22:00,Mon - Fri,Stock
ROCKB.DK,Rockwool International A/S,DKK,1000,0,0.30%,0.50%,09:00 - 16:55,Mon - Fri,Stock
ROG.CH,Roche Holding AG,CHF,150,0,0.30%,0.50%,09:00 - 17:20,Mon - Fri,Stock
ROK.US,Rockwell Automation Inc,USD,50,0,0.30%,0.50%,15:30 - 22:00,Mon - Fri,Stock
ROKU.US,Roku Inc - class A,USD,50,0,0.30%,0.50%,15:30 - 22:00,Mon - Fri,Stock
ROP.US,Roper Technologies Inc,USD,50,0,0.30%,0.50%,15:30 - 22:00,Mon - Fri,Stock
ROR.UK,Rotork PLC,GBP,100,0,0.30%,0.50%,09:00 - 17:30,Mon - Fri,Stock
ROST.US,Ross Stores Inc,USD,50,0,0.30%,0.50%,15:30 - 22:00,Mon - Fri,Stock
ROVI.ES,Laboratorios Farmaceuticos Rovi SA,EUR,100,0,0.30%,0.50%,09:00 - 17:30,Mon - Fri,Stock
RPM.US,RPM International Inc,USD,50,0,0.30%,0.50%,15:30 - 22:00,Mon - Fri,Stock
RPRX.US,Royalty Pharma PLC - class A,USD,50,0,0.30%,0.50%,15:30 - 22:00,Mon - Fri,Stock
RR.UK,Rolls-Royce Group PLC,GBP,100,0,0.30%,0.50%,09:00 - 17:30,Mon - Fri,Stock
RRR.US,Red Rock Resorts Inc - class A (Cboe BZX Real-Time Quote),USD,50,0,0.30%,0.50%,15:30 - 22:00,Mon - Fri,Stock
RRTL.DE,RTL Group SA,EUR,50,0,0.30%,0.50%,09:00 - 17:30,Mon - Fri,Stock
RS.US,Reliance Steel & Aluminum Co,USD,50,0,0.30%,0.50%,15:30 - 22:00,Mon - Fri,Stock
RS1.UK,RS Group PLC,GBP,100,0,0.30%,0.50%,09:00 - 17:30,Mon - Fri,Stock
RSG.US,Republic Services Inc - class A,USD,50,0,0.30%,0.50%,15:30 - 22:00,Mon - Fri,Stock
RSW.UK,Renishaw PLC CFD,GBP,100,0,0.30%,0.50%,09:00 - 17:30,Mon - Fri,Stock
RTO.UK,Rentokil Initial PLC,GBP,100,0,0.30%,0.50%,09:00 - 17:30,Mon - Fri,Stock
RTO.US,Rentokil Initial PLC - ADR CFD,USD,50.0,0,0.30%,0.50%,15:30 - 22:00,Mon - Fri,Stock
RTX.US,Raytheon Technologies Corp,USD,50,0,0.30%,0.50%,15:30 - 22:00,Mon - Fri,Stock
RUI.FR,Rubis SCA,EUR,50,0,0.30%,0.50%,09:00 - 17:30,Mon - Fri,Stock
RUN.US,Sunrun Inc,USD,50,0,0.30%,0.50%,15:30 - 22:00,Mon - Fri,Stock
RVMD.US,Revolution Medicines Inc,USD,100,0,0.30%,0.50%,15:30 - 22:00,Mon - Fri,Stock
RVTY.US,Revvity Inc,USD,50,0,0.30%,0.50%,15:30 - 22:00,Mon - Fri,Stock
RWAY.IT,Rai Way SpA CFD,EUR,100.0,0,0.30%,0.50%,09:00 - 17:30,Mon - Fri,Stock
RWE.DE,RWE AG,EUR,50,0,0.30%,0.50%,09:00 - 17:30,Mon - Fri,Stock
RXL.FR,Rexel SA,EUR,50,0,0.30%,0.50%,09:00 - 17:30,Mon - Fri,Stock
RY.US,Royal Bank of Canada,USD,50,0,0.30%,0.50%,15:30 - 22:00,Mon - Fri,Stock
RYAAY.US,Ryanair Holdings PLC (Cboe BZX Real-Time Quote),USD,50,0,0.30%,0.50%,15:30 - 22:00,Mon - Fri,Stock
RYTM.US,Rhythm Pharmaceuticals Inc,USD,50,0,0.30%,0.50%,15:30 - 22:00,Mon - Fri,Stock
S92.DE,SMA Solar Technology AG,EUR,50,0,0.30%,0.50%,09:00 - 17:30,Mon - Fri,Stock
SAB.ES,Banco de Sabadell SA,EUR,100,0,0.30%,0.50%,09:00 - 17:30,Mon - Fri,Stock
SAF.FR,Safran SA,EUR,50,0,0.30%,0.50%,09:00 - 17:30,Mon - Fri,Stock
SAFE.UK,Safestore Holdings PLC CFD,GBP,100,0,0.30%,0.50%,09:00 - 17:30,Mon - Fri,Stock
SAGA.UK,Saga PLC,GBP,100,0,0.30%,0.50%,09:00 - 17:30,Mon - Fri,Stock
SAH.US,Sonic Automotive Inc,USD,50,0,0.30%,0.50%,15:30 - 22:00,Mon - Fri,Stock
SAIC.US,Science Applications International Corp,USD,50,0,0.30%,0.50%,15:30 - 22:00,Mon - Fri,Stock
SAM.US,Boston Beer Co Inc,USD,50,0,0.30%,0.50%,15:30 - 22:00,Mon - Fri,Stock
SAMPO.FI,Sampo Oyj - class A,EUR,100,0,0.30%,0.50%,09:00 - 17:25,Mon - Fri,Stock
SAMS.FR,Samse SA CFD,EUR,50,0,0.30%,0.50%,09:00 - 17:30,Mon - Fri,Stock
SAN.FR,Sanofi-Aventis SA,EUR,50,0,0.30%,0.50%,09:00 - 17:30,Mon - Fri,Stock
SAN1.ES,Banco Santander SA,EUR,100,0,0.30%,0.50%,09:00 - 17:30,Mon - Fri,Stock
SAND.SE,Sandvik AB,SEK,1000,0,0.30%,0.50%,09:00 - 17:25,Mon - Fri,Stock
SAP.DE,SAP AG,EUR,50,0,0.30%,0.50%,09:00 - 17:30,Mon - Fri,Stock
SATS.US,EchoStar Corp - class A,USD,50,0,0.30%,0.50%,15:30 - 22:00,Mon - Fri,Stock
SAVE.FR,Savencia SA CFD,EUR,50,0,0.30%,0.50%,09:00 - 17:30,Mon - Fri,Stock
SAVE.SE,Nordnet AB (publ) CFD,SEK,1000.0,0,0.30%,0.50%,09:00 - 17:25,Mon - Fri,Stock
SAX.DE,Stroeer SE & Co KgaA CFD,EUR,50.0,0,0.30%,0.50%,09:00 - 17:30,Mon - Fri,Stock
SBAC.US,SBA Communications Corp - class A,USD,50,0,0.30%,0.50%,15:30 - 22:00,Mon - Fri,Stock
SBCF.US,Seacoast Banking Corporation of Florida,USD,50,0,0.30%,0.50%,15:30 - 22:00,Mon - Fri,Stock
SBER.UK*,CLOSE ONLY / Sberbank of Russia PJSC CFD - ADR,USD,100,0,0.30%,0.50%,-,Mon - Fri,Stock
SBGI.US,Sinclair Broadcast Group Inc - class A,USD,50,0,0.30%,0.50%,15:30 - 22:00,Mon - Fri,Stock
SBLK.US,Star Bulk Carriers Corp,USD,50,0,0.30%,0.50%,15:30 - 22:00,Mon - Fri,Stock
SBMO.NL,SBM Offshore NV,EUR,100,0,0.30%,0.50%,09:00 - 17:30,Mon - Fri,Stock
SBRA.US,Sabra Health Care REIT Inc,USD,50,0,0.30%,0.50%,15:30 - 22:00,Mon - Fri,Stock
SBRY.UK,J Sainsbury PLC,GBP,100,0,0.30%,0.50%,09:00 - 17:30,Mon - Fri,Stock
SBS.DE,STRATEC Biomedical AG,EUR,50,0,0.30%,0.50%,09:00 - 17:30,Mon - Fri,Stock
SBSW.US,Sibanye Stillwater Ltd - ADR,USD,50,0,0.30%,0.50%,15:30 - 22:00,Mon - Fri,Stock
SBT.FR,Oeneo SA CFD,EUR,50,0,0.30%,0.50%,09:00 - 17:30,Mon - Fri,Stock
SBUX.US,Starbucks Corp,USD,50,0,0.30%,0.50%,15:30 - 22:00,Mon - Fri,Stock
SCAB.SE,Svenska Cellulosa AB SCA - class B,SEK,1000,0,0.30%,0.50%,09:00 - 17:25,Mon - Fri,Stock
SCCO.US,Southern Copper Corp,USD,50,0,0.30%,0.50%,15:30 - 22:00,Mon - Fri,Stock
SCHP.FR,Seche Environnement SA CFD,EUR,50,0,0.30%,0.50%,09:00 - 17:30,Mon - Fri,Stock
SCI.US,Service Corp International,USD,50,0,0.30%,0.50%,15:30 - 22:00,Mon - Fri,Stock
SCMN.CH,Swisscom AG,CHF,150,0,0.30%,0.50%,09:00 - 17:20,Mon - Fri,Stock
SCR.FR,SCOR SE,EUR,50,0,0.30%,0.50%,09:00 - 17:30,Mon - Fri,Stock
SCVL.US,Shoe Carnival Inc,USD,50,0,0.30%,0.50%,15:30 - 22:00,Mon - Fri,Stock
SCYR.ES*,CLOSE ONLY / Sacyr Vallehermoso SA CFD,EUR,100,0,0.30%,0.50%,09:00 - 17:30,Mon - Fri,Stock
SDF.DE,K+S AG,EUR,50,0,0.30%,0.50%,09:00 - 17:30,Mon - Fri,Stock
SDG.FR,Synergie SE CFD,EUR,50,0,0.30%,0.50%,09:00 - 17:30,Mon - Fri,Stock
SDIPB.SE,Sdiptech AB (publ) - class B CFD,SEK,1000.0,0,0.30%,0.50%,09:00 - 17:25,Mon - Fri,Stock
SDR.UK,Schroders PLC,GBP,100,0,0.30%,0.50%,09:00 - 17:30,Mon - Fri,Stock
SDRY.UK*,CLOSE ONLY / Superdry PLC CFD,GBP,100,0,0.30%,0.50%,09:00 - 17:30,Mon - Fri,Stock
SE1.US,Sea Ltd - class A,USD,50,0,0.30%,0.50%,15:30 - 22:00,Mon - Fri,Stock
SEBA.SE,Skandinaviska Enskilda Banken AB,SEK,1000,0,0.30%,0.50%,09:00 - 17:25,Mon - Fri,Stock
SECUB.SE,Securitas AB,SEK,1000,0,0.30%,0.50%,09:00 - 17:25,Mon - Fri,Stock
SEI.US,Solaris Energy Infrastructure Inc - class A CFD,USD,50.0,0,0.30%,0.50%,15:30 - 22:00,Mon - Fri,Stock
SEIC.US,SEI Investments Co,USD,50,0,0.30%,0.50%,15:30 - 22:00,Mon - Fri,Stock
SEM.PT,Semapa-Sociedade de Investimento e Gesta,EUR,100,0,0.30%,0.50%,09:00 - 17:30,Mon - Fri,Stock
SENS.US,Senseonics Holdings Inc,USD,50,0,0.30%,0.50%,15:30 - 22:00,Mon - Fri,Stock
SESG.FR,SES SA - class A,EUR,50,0,0.30%,0.50%,09:00 - 17:30,Mon - Fri,Stock
SF.SE,Stillfront Group AB (publ),SEK,100,0,0.30%,0.50%,09:00 - 17:30,Mon - Fri,Stock
SF.US,Stifel Financial Corp,USD,50,0,0.30%,0.50%,15:30 - 22:00,Mon - Fri,Stock
SFER.IT,Salvatore Ferragamo Italia SpA,EUR,0,0,0.30%,0.50%,09:00 - 17:30,Mon - Fri,Stock
SFIX.US,Stitch Fix Inc - class A,USD,50,0,0.30%,0.50%,15:30 - 22:00,Mon - Fri,Stock
SFM.US,Sprouts Farmers Market Inc.,USD,50,0,0.30%,0.50%,15:30 - 22:00,Mon - Fri,Stock
SGE.UK,Sage Group PLC,GBP,100,0,0.30%,0.50%,09:00 - 17:30,Mon - Fri,Stock
SGH.US*,CLOSE ONLY / Smart Global Holdings Inc,USD,50,0,0.30%,0.50%,15:30 - 22:00,Mon - Fri,Stock
SGHC.US,SGHC Ltd,USD,50,0,0.30%,0.50%,15:30 - 22:00,Mon - Fri,Stock
SGI.US,Somnigroup International Inc CFD,USD,50.0,0,0.30%,0.50%,15:30 - 22:00,Mon - Fri,Stock
SGO.FR,Cie de St-Gobain,EUR,50,0,0.30%,0.50%,09:00 - 17:30,Mon - Fri,Stock
SGRO.UK,Segro PLC,GBP,100,0,0.30%,0.50%,09:00 - 17:30,Mon - Fri,Stock
SGSN.CH,SGS SA,CHF,150,0,0.30%,0.50%,09:00 - 17:20,Mon - Fri,Stock
SHA.DE*,Schaeffler AG - preference shares,EUR,50,0,0.30%,0.50%,09:00 - 17:30,Mon - Fri,Stock
SHA0.DE,Schaeffler AG CFD,EUR,50.0,0,0.30%,0.50%,09:00 - 17:30,Mon - Fri,Stock
SHAK.US,Shake Shack Inc - class A,USD,50,0,0.30%,0.50%,15:30 - 22:00,Mon - Fri,Stock
SHBA.SE,Svenska Handelsbanken AB,SEK,1000,0,0.30%,0.50%,09:00 - 17:25,Mon - Fri,Stock
SHC.UK,Shaftesbury Capital PLC,GBP,100,0,0.30%,0.50%,09:00 - 17:30,Mon - Fri,Stock
SHEL.UK,Shell PLC,GBP,100,0,0.30%,0.50%,09:00 - 17:30,Mon - Fri,Stock
SHEL.US,Shell PLC - ADR,USD,100,0,0.30%,0.50%,15:30 - 22:00,Mon - Fri,Stock
SHELL.NL,Shell PLC,EUR,100,0,0.30%,0.50%,09:00 - 17:30,Mon - Fri,Stock
SHI.UK,SIG PLC,GBP,100,0,0.30%,0.50%,09:00 - 17:30,Mon - Fri,Stock
SHIP.US,Seanergy Maritime Holdings Corp,USD,50,0,0.30%,0.50%,15:30 - 22:00,Mon - Fri,Stock
SHOO.US,Steven Madden Ltd,USD,50,0,0.30%,0.50%,15:30 - 22:00,Mon - Fri,Stock
SHOP.US,Shopify Inc. - class A,USD,50,0,0.30%,0.50%,15:30 - 22:00,Mon - Fri,Stock
SHW.US,Sherwin-Williams Co,USD,50,0,0.30%,0.50%,15:30 - 22:00,Mon - Fri,Stock
SID.US,Companhia Siderurgica Nacional SA - ADR,USD,50,0,0.30%,0.50%,15:30 - 22:00,Mon - Fri,Stock
SIE.DE,Siemens AG,EUR,50,0,0.30%,0.50%,09:00 - 17:30,Mon - Fri,Stock
SIGA.US,SIGA Technologies Inc,USD,50,0,0.30%,0.50%,15:30 - 22:00,Mon - Fri,Stock
SIMO.US,Silicon Motion Technology Corp - ADR,USD,50,0,0.30%,0.50%,15:30 - 22:00,Mon - Fri,Stock
SITE.US,SiteOne Landscape Supply Inc (Cboe BZX Real-Time Quote),USD,50,0,0.30%,0.50%,15:30 - 22:00,Mon - Fri,Stock
SIX2.DE,Sixt SE CFD,EUR,50.0,0,0.30%,0.50%,09:00 - 17:30,Mon - Fri,Stock
SJM.US,JM Smucker Co,USD,50,0,0.30%,0.50%,15:30 - 22:00,Mon - Fri,Stock
SK.FR,SEB SA,EUR,50,0,0.30%,0.50%,09:00 - 17:30,Mon - Fri,Stock
SKAB.SE,Skanska AB,SEK,1000,0,0.30%,0.50%,09:00 - 17:25,Mon - Fri,Stock
SKB.DE,Koenig & Bauer AG,EUR,50,0,0.30%,0.50%,09:00 - 17:30,Mon - Fri,Stock
SKFB.SE,SKF AB,SEK,1000,0,0.30%,0.50%,09:00 - 17:25,Mon - Fri,Stock
SKLZ.US,Skillz Inc - class A,USD,50,0,0.30%,0.50%,15:30 - 22:00,Mon - Fri,Stock
SKM.US,SK Telecom Co Ltd,USD,50,0,0.30%,0.50%,15:30 - 22:00,Mon - Fri,Stock
SKY.US,Champion Homes Inc,USD,50,0,0.30%,0.50%,15:30 - 22:00,Mon - Fri,Stock
SKYW.US,SkyWest Inc CFD,USD,50.0,0,0.30%,0.50%,15:30 - 22:00,Mon - Fri,Stock
SLB.US,Schlumberger Ltd,USD,50,0,0.30%,0.50%,15:30 - 22:00,Mon - Fri,Stock
SLGN.US,Silgan Holdings Inc,USD,50,0,0.30%,0.50%,15:30 - 22:00,Mon - Fri,Stock
SLI.US,Standard Lithium Ltd,USD,50,0,0.30%,0.50%,15:30 - 22:00,Mon - Fri,Stock
SLM.US,SLM Corp,USD,50,0,0.30%,0.50%,15:30 - 22:00,Mon - Fri,Stock
SLP.US,Simulations Plus Inc,USD,50,0,0.30%,0.50%,15:30 - 22:00,Mon - Fri,Stock
SLR.ES,Solaria Energia y Medio Ambiente SA,EUR,100,0,0.30%,0.50%,09:00 - 17:30,Mon - Fri,Stock
SLRC.US,SLR Investment Corp,USD,50,0,0.30%,0.50%,15:30 - 22:00,Mon - Fri,Stock
SLVM.US,Sylvamo Corp,USD,50,0,0.30%,0.50%,15:30 - 22:00,Mon - Fri,Stock
SMCI.US,Super Micro Computer Inc,USD,50,0,0.30%,0.50%,15:30 - 22:00,Mon - Fri,Stock
SMG.US,Scotts Miracle-Gro,USD,50,0,0.30%,0.50%,15:30 - 22:00,Mon - Fri,Stock
SMIN.UK,Smiths Group PLC,GBP,100,0,0.30%,0.50%,09:00 - 17:30,Mon - Fri,Stock
SMP.US,Standard Motor Products Inc,USD,50,0,0.30%,0.50%,15:30 - 22:00,Mon - Fri,Stock
SMPL.US,Simply Good Foods Co,USD,50,0,0.30%,0.50%,15:30 - 22:00,Mon - Fri,Stock
SMR.US,Nuscale Power Corp - class A,USD,50,0,0.30%,0.50%,15:30 - 22:00,Mon - Fri,Stock
SMSN.UK,Samsung Electronics Co Ltd - GDR,USD,100,0,0.30%,0.50%,09:00 - 16:30,Mon - Fri,Stock
SMT.UK,Scottish Mortgage Investment Trust PLC CFD,GBP,100,0,0.30%,0.50%,09:00 - 17:30,Mon - Fri,Stock
SMWH.UK,WH Smith PLC,GBP,100,0,0.30%,0.50%,09:00 - 17:30,Mon - Fri,Stock
SN.UK,Smith & Nephew PLC,GBP,100,0,0.30%,0.50%,09:00 - 17:30,Mon - Fri,Stock
SNA.US,Snap-on Inc,USD,50,0,0.30%,0.50%,15:30 - 22:00,Mon - Fri,Stock
SNAP.US,Snap Inc. - class A,USD,50,0,0.30%,0.50%,15:30 - 22:00,Mon - Fri,Stock
SNDK.US,Sandisk Corp,USD,50,0,0.30%,0.50%,15:30 - 22:00,Mon - Fri,Stock
SNDR.US,Schneider National Inc,USD,50,0,0.30%,0.50%,15:30 - 22:00,Mon - Fri,Stock
SNEX.US,StoneX Group Inc,USD,50,0,0.30%,0.50%,15:30 - 22:00,Mon - Fri,Stock
SNOW.US,Snowflake Inc - class A,USD,50,0,0.30%,0.50%,15:30 - 22:00,Mon - Fri,Stock
SNPS.US,Synopsys Inc,USD,50,0,0.30%,0.50%,15:30 - 22:00,Mon - Fri,Stock
SNR.UK,Senior PLC,GBP,100,0,0.30%,0.50%,09:00 - 17:30,Mon - Fri,Stock
SNT.US,Senstar Technologies Corp,USD,50,0,0.30%,0.50%,15:30 - 22:00,Mon - Fri,Stock
SNX.US,TD Synnex Corp,USD,50,0,0.30%,0.50%,15:30 - 22:00,Mon - Fri,Stock
SNY.US,Sanofi SA - ADR,USD,50,0,0.30%,0.50%,15:30 - 22:00,Mon - Fri,Stock
SO.US,Southern Co,USD,50,0,0.30%,0.50%,15:30 - 22:00,Mon - Fri,Stock
SOI.FR,SOITEC,EUR,50,0,0.30%,0.50%,09:00 - 17:30,Mon - Fri,Stock
SOLB.BE,Solvay SA,EUR,100,0,0.30%,0.50%,09:00 - 17:30,Mon - Fri,Stock
SOLV.US,Solventum Corp CFD (Cboe BZX Real-Time Quote),USD,50,0,0.30%,0.50%,15:30 - 22:00,Mon - Fri,Stock
SON.PT,Sonae,EUR,100,0,0.30%,0.50%,09:00 - 17:30,Mon - Fri,Stock
SON.US,Sonoco Products Co,USD,50,0,0.30%,0.50%,15:30 - 22:00,Mon - Fri,Stock
SONO.US,Sonos Inc,USD,50,0,0.30%,0.50%,15:30 - 22:00,Mon - Fri,Stock
SONY.US,Sony Group Corp - ADR,USD,50,0,0.30%,0.50%,15:30 - 22:00,Mon - Fri,Stock
SOON.CH,Sonova Holding AG,CHF,150,0,0.30%,0.50%,09:00 - 17:20,Mon - Fri,Stock
SOP.FR,Sopra Steria Group,EUR,50,0,0.30%,0.50%,09:00 - 17:30,Mon - Fri,Stock
SPB.US,Spectrum Brands Holdings Inc,USD,50,0,0.30%,0.50%,15:30 - 22:00,Mon - Fri,Stock
SPCE.US,Virgin Galactic Holdings Inc - class A,USD,50,0,0.30%,0.50%,15:30 - 22:00,Mon - Fri,Stock
SPG.US,Simon Property Group Inc,USD,50,0,0.30%,0.50%,15:30 - 22:00,Mon - Fri,Stock
SPGI.US,S&P Global Inc,USD,50,0,0.30%,0.50%,15:30 - 22:00,Mon - Fri,Stock
SPI.UK,Spire Healthcare Group PLC,GBP,100,0,0.30%,0.50%,09:00 - 17:30,Mon - Fri,Stock
SPIE.FR,SPIE SA,EUR,50,0,0.30%,0.50%,09:00 - 17:30,Mon - Fri,Stock
SPM.IT,Saipem SpA,EUR,0,0,0.30%,0.50%,09:00 - 17:30,Mon - Fri,Stock
SPOK.US,Spok Holdings Inc,USD,50,0,0.30%,0.50%,15:30 - 22:00,Mon - Fri,Stock
SPOT.US,Spotify Technology SA,USD,50,0,0.30%,0.50%,15:30 - 22:00,Mon - Fri,Stock
SPSC.US,SPS Commerce Inc CFD,USD,50.0,0,0.30%,0.50%,15:30 - 22:00,Mon - Fri,Stock
SPSN.CH,Swiss Prime Site AG,CHF,150,0,0.30%,0.50%,09:00 - 17:20,Mon - Fri,Stock
SPX.UK,Spirax-Sarco Engineering PLC,GBP,100,0,0.30%,0.50%,09:00 - 17:30,Mon - Fri,Stock
SPXC.US,SPX Technologies Inc CFD,USD,50.0,0,0.30%,0.50%,15:30 - 22:00,Mon - Fri,Stock
SQ.US*,CLOSE ONLY / Block Inc CFD - class A,USD,50,0,0.30%,0.50%,15:30 - 22:00,Mon - Fri,Stock
SQM.US,Sociedad Quimica y Minera de Chile S.A. - ADR,USD,50,0,0.30%,0.50%,15:30 - 22:00,Mon - Fri,Stock
SQN.CH,Swissquote Group Holding SA CFD,CHF,150,0,0.30%,0.50%,09:00 - 17:30,Mon - Fri,Stock
SRE.US,Sempra Energy,USD,50,0,0.30%,0.50%,15:30 - 22:00,Mon - Fri,Stock
SREN.CH,Swiss Re AG,CHF,150,0,0.30%,0.50%,09:00 - 17:20,Mon - Fri,Stock
SRG.IT,Snam SpA,EUR,0,0,0.30%,0.50%,09:00 - 17:30,Mon - Fri,Stock
SRP.UK,Serco Group PLC,GBP,100,0,0.30%,0.50%,09:00 - 17:30,Mon - Fri,Stock
SRPT.US,Sarepta Therapeutics Inc,USD,50,0,0.30%,0.50%,15:30 - 22:00,Mon - Fri,Stock
SRRK.US,Scholar Rock Holding Corp,USD,50,0,0.30%,0.50%,15:30 - 22:00,Mon - Fri,Stock
SSABA.SE,SSAB AB - class A,SEK,1000,0,0.30%,0.50%,09:00 - 17:25,Mon - Fri,Stock
SSB.US,SouthState Corp,USD,50,0,0.30%,0.50%,15:30 - 22:00,Mon - Fri,Stock
SSE.UK,Scottish & Southern energy PLC,GBP,100,0,0.30%,0.50%,09:00 - 17:30,Mon - Fri,Stock
SSNC.US,SS&C Technologies Holdings Inc,USD,50,0,0.30%,0.50%,15:30 - 22:00,Mon - Fri,Stock
SSPG.UK,SSP Group Plc,GBP,100,0,0.30%,0.50%,09:00 - 17:30,Mon - Fri,Stock
SSTK.US,Shutterstock Inc,USD,50,0,0.30%,0.50%,15:30 - 22:00,Mon - Fri,Stock
SSYS.US,Stratasys Ltd,USD,50,0,0.30%,0.50%,15:30 - 22:00,Mon - Fri,Stock
ST.US,Sensata Technologies Holding PLC,USD,50,0,0.30%,0.50%,15:30 - 22:00,Mon - Fri,Stock
STAA.US,STAAR Surgical Co,USD,50,0,0.30%,0.50%,15:30 - 22:00,Mon - Fri,Stock
STAG.US,STAG Industrial Inc,USD,50,0,0.30%,0.50%,15:30 - 22:00,Mon - Fri,Stock
STAN.UK,Standard Chartered PLC,GBP,100,0,0.30%,0.50%,09:00 - 17:30,Mon - Fri,Stock
STB.NO,Storebrand ASA,NOK,1000,0,0.30%,0.50%,09:00 - 16:20,Mon - Fri,Stock
STE.US,STERIS plc,USD,50,0,0.30%,0.50%,15:30 - 22:00,Mon - Fri,Stock
STERV.FI,Stora Enso OYJ,EUR,100,0,0.30%,0.50%,09:00 - 17:25,Mon - Fri,Stock
STF.FR,Stef SA CFD,EUR,50,0,0.30%,0.50%,09:00 - 17:30,Mon - Fri,Stock
STG.DK,Scandinavian Tobacco Group A/S CFD,DKK,1000.0,0,0.30%,0.50%,09:00 - 16:55,Mon - Fri,Stock
STJ.UK,St James' Place PLC,GBP,100,0,0.30%,0.50%,09:00 - 17:30,Mon - Fri,Stock
STLA.IT*,CLOSE ONLY / Stellantis NV CFD,EUR,50.0,0,0.30%,0.50%,09:00 - 17:30,Mon - Fri,Stock
STLA.US,Stellantis NV CFD,USD,50.0,0,0.30%,0.50%,15:30 - 22:00,Mon - Fri,Stock
STLAM.IT,Stellantis NV,EUR,0,0,0.30%,0.50%,09:00 - 17:30,Mon - Fri,Stock
STLD.US,Steel Dynamics Inc,USD,50,0,0.30%,0.50%,15:30 - 22:00,Mon - Fri,Stock
STM.FR,STMicroelectronics NV,EUR,50,0,0.30%,0.50%,09:00 - 17:30,Mon - Fri,Stock
STM.IT,STMicroelectronics NV,EUR,0,0,0.30%,0.50%,09:00 - 17:30,Mon - Fri,Stock
STM.US,STMicroelectronics NV - ADR,USD,50,0,0.30%,0.50%,15:30 - 22:00,Mon - Fri,Stock
STMN.CH,Straumann Holding AG,CHF,150,0,0.30%,0.50%,09:00 - 17:20,Mon - Fri,Stock
STNE.US,StoneCo Ltd - class A,USD,50,0,0.30%,0.50%,15:30 - 22:00,Mon - Fri,Stock
STORB.SE,Storskogen Group AB (publ),SEK,1000,0,0.30%,0.50%,09:00 - 17:25,Mon - Fri,Stock
STT.US,State Street Corp,USD,50,0,0.30%,0.50%,15:30 - 22:00,Mon - Fri,Stock
STWD.US,Starwood Property Trust Inc,USD,50,0,0.30%,0.50%,15:30 - 22:00,Mon - Fri,Stock
STX.US,Seagate Technology,USD,50,0,0.30%,0.50%,15:30 - 22:00,Mon - Fri,Stock
STZ.US,Constellation Brands Inc - class A,USD,50,0,0.30%,0.50%,15:30 - 22:00,Mon - Fri,Stock
SU.FR,Schneider Electric SA,EUR,50,0,0.30%,0.50%,09:00 - 17:30,Mon - Fri,Stock
SU.US,Suncor Energy Inc,USD,50,0,0.30%,0.50%,15:30 - 22:00,Mon - Fri,Stock
SUBC.NO,Subsea 7 SA,NOK,1000,0,0.30%,0.50%,09:00 - 16:20,Mon - Fri,Stock
SVS.UK,Savills PLC,GBP,100,0,0.30%,0.50%,09:00 - 17:30,Mon - Fri,Stock
SVT.UK,Severn Trent PLC,GBP,100,0,0.30%,0.50%,09:00 - 17:30,Mon - Fri,Stock
SW.FR,Sodexo SA,EUR,50,0,0.30%,0.50%,09:00 - 17:30,Mon - Fri,Stock
SW.US,Smurfit WestRock PLC CFD,USD,50.0,0,0.30%,0.50%,15:30 - 22:00,Mon - Fri,Stock
SWBI.US,Smith & Wesson Brands Inc,USD,50,0,0.30%,0.50%,15:30 - 22:00,Mon - Fri,Stock
SWEDA.SE,Swedbank AB,SEK,1000,0,0.30%,0.50%,09:00 - 17:25,Mon - Fri,Stock
SWK.US,Stanley Black & Decker Inc,USD,50,0,0.30%,0.50%,15:30 - 22:00,Mon - Fri,Stock
SWKS.US,Skyworks Solutions Inc,USD,50,0,0.30%,0.50%,15:30 - 22:00,Mon - Fri,Stock
SWP.FR,Sword Group SE CFD,EUR,50,0,0.30%,0.50%,09:00 - 17:30,Mon - Fri,Stock
SWX.US,Southwest Gas Holdings Inc,USD,50,0,0.30%,0.50%,15:30 - 22:00,Mon - Fri,Stock
SY1.DE,Symrise AG,EUR,50,0,0.30%,0.50%,09:00 - 17:30,Mon - Fri,Stock
SYDB.DK,Sydbank A/S,DKK,1000,0,0.30%,0.50%,09:00 - 16:55,Mon - Fri,Stock
SYENS.BE,Syensqo NV CFD,EUR,100.0,0,0.30%,0.50%,09:00 - 17:30,Mon - Fri,Stock
SYF.US,Synchrony Financial,USD,50,0,0.30%,0.50%,15:30 - 22:00,Mon - Fri,Stock
SYK.US,Stryker Corp,USD,50,0,0.30%,0.50%,15:30 - 22:00,Mon - Fri,Stock
SYNA.US,Synaptics Inc,USD,50,0,0.30%,0.50%,15:30 - 22:00,Mon - Fri,Stock
SYY.US,Sysco Corp,USD,50,0,0.30%,0.50%,15:30 - 22:00,Mon - Fri,Stock
SZG.DE,Salzgitter AG,EUR,50,0,0.30%,0.50%,09:00 - 17:30,Mon - Fri,Stock
SZU.DE,Suedzucker AG,EUR,50,0,0.30%,0.50%,09:00 - 17:30,Mon - Fri,Stock
T.US,AT&T Inc,USD,50,0,0.30%,0.50%,15:30 - 22:00,Mon - Fri,Stock
TABAK.CZ,Philip Morris CR AS,CZK,0,0,0.30%,0.50%,09:00 - 16:10,Mon - Fri,Stock
TAK.US,Takeda Pharmaceutical Co Ltd - ADR CFD,USD,50.0,0,0.30%,0.50%,15:30 - 22:00,Mon - Fri,Stock
TAP.US,Molson Coors Brewing Co - class B,USD,50,0,0.30%,0.50%,15:30 - 22:00,Mon - Fri,Stock
TATE.UK,Tate & Lyle PLC,GBP,100,0,0.30%,0.50%,09:00 - 17:30,Mon - Fri,Stock
TBBK.US,Bancorp Inc,USD,50,0,0.30%,0.50%,15:30 - 22:00,Mon - Fri,Stock
TBCG.UK,TBC Bank Group PLC,GBP,100,0,0.30%,0.50%,09:00 - 17:30,Mon - Fri,Stock
TBRG.US,TruBridge Inc,USD,50,0,0.30%,0.50%,15:30 - 22:00,Mon - Fri,Stock
TCH.FR*,CLOSE ONLY / Technicolor SA CFD,EUR,50,0,0.30%,0.50%,09:00 - 17:30,Mon - Fri,Stock
TCMD.US,Tactile Systems Technology Inc,USD,50,0,0.30%,0.50%,15:30 - 22:00,Mon - Fri,Stock
TD.US,Toronto-Dominion Bank,USD,50,0,0.30%,0.50%,15:30 - 22:00,Mon - Fri,Stock
TDAY.US,USA TODAY Co Inc CFD,USD,50.0,0,0.30%,0.50%,15:30 - 22:00,Mon - Fri,Stock
TDC.US,Teradata Corp,USD,50,0,0.30%,0.50%,15:30 - 22:00,Mon - Fri,Stock
TDG.US,TransDigm Group Inc,USD,50,0,0.30%,0.50%,15:30 - 22:00,Mon - Fri,Stock
TDOC.US,Teladoc Health Inc,USD,50,0,0.30%,0.50%,15:30 - 22:00,Mon - Fri,Stock
TDS.US,Telephone & Data Systems Inc,USD,50,0,0.30%,0.50%,15:30 - 22:00,Mon - Fri,Stock
TDW.US,Tidewater Inc,USD,100,0,0.30%,0.50%,15:30 - 22:00,Mon - Fri,Stock
TDY.US,Teledyne Technologies Inc,USD,50,0,0.30%,0.50%,15:30 - 22:00,Mon - Fri,Stock
TE.FR,Technip Energies NV CFD,EUR,50,0,0.30%,0.50%,09:00 - 17:30,Mon - Fri,Stock
TEAM.US,Atlassian Corp PLC - class A,USD,50,0,0.30%,0.50%,15:30 - 22:00,Mon - Fri,Stock
TECH.US,Bio-Techne Corp,USD,50,0,0.30%,0.50%,15:30 - 22:00,Mon - Fri,Stock
TECK.US,Teck Resources Ltd - class B,USD,50,0,0.30%,0.50%,15:30 - 22:00,Mon - Fri,Stock
TECN.CH,Tecan Group AG - class N CFD,CHF,150.0,0,0.30%,0.50%,09:00 - 17:20,Mon - Fri,Stock
TEF1.ES,Telefonica SA,EUR,100,0,0.30%,0.50%,09:00 - 17:30,Mon - Fri,Stock
TEG.DE,TAG Immobilien AG,EUR,50,0,0.30%,0.50%,09:00 - 17:30,Mon - Fri,Stock
TEL.NO,Telenor ASA,NOK,1000,0,0.30%,0.50%,09:00 - 16:20,Mon - Fri,Stock
TEL.US,TE Connectivity Ltd,USD,50,0,0.30%,0.50%,15:30 - 22:00,Mon - Fri,Stock
TEL2B.SE,Tele2 AB,SEK,1000,0,0.30%,0.50%,09:00 - 17:25,Mon - Fri,Stock
TELIA.SE,Telia Co AB,SEK,1000,0,0.30%,0.50%,09:00 - 17:25,Mon - Fri,Stock
TELIA1.FI,Telia Co AB,EUR,100,0,0.30%,0.50%,09:00 - 17:25,Mon - Fri,Stock
TEMN.CH,Temenos AG,CHF,150,0,0.30%,0.50%,09:00 - 17:20,Mon - Fri,Stock
TEN.IT,Tenaris SA,EUR,0,0,0.30%,0.50%,09:00 - 17:30,Mon - Fri,Stock
TENB.US,Tenable Holdings Inc,USD,50,0,0.30%,0.50%,15:30 - 22:00,Mon - Fri,Stock
TEP.FR,Teleperformance,EUR,50,0,0.30%,0.50%,09:00 - 17:30,Mon - Fri,Stock
TER.US,Teradyne Inc,USD,50,0,0.30%,0.50%,15:30 - 22:00,Mon - Fri,Stock
TEVA.US*,CLOSE ONLY / Teva Pharmaceutical ADR CFD - ADR,USD,50,0,0.30%,0.50%,15:30 - 22:00,Mon - Fri,Stock
TEX.US,Terex Corp,USD,50,0,0.30%,0.50%,15:30 - 22:00,Mon - Fri,Stock
TFC.US,Truist Financial Corp,USD,50,0,0.30%,0.50%,15:30 - 22:00,Mon - Fri,Stock
TFF.FR,Tonnellerie Francois Freres SA CFD,EUR,50,0,0.30%,0.50%,09:00 - 17:30,Mon - Fri,Stock
TFI.FR,Television Francaise 1,EUR,50,0,0.30%,0.50%,09:00 - 17:30,Mon - Fri,Stock
TFX.US,Teleflex Inc,USD,50,0,0.30%,0.50%,15:30 - 22:00,Mon - Fri,Stock
TGS.NO,TGS Nopec Geophysical Co ASA,NOK,1000,0,0.30%,0.50%,09:00 - 16:20,Mon - Fri,Stock
TGT.US,Target CORP,USD,50,0,0.30%,0.50%,15:30 - 22:00,Mon - Fri,Stock
TGYM.IT,Technogym SpA,EUR,0,0,0.30%,0.50%,09:00 - 17:30,Mon - Fri,Stock
THC.US,Tenet Healthcare Corp,USD,50,0,0.30%,0.50%,15:30 - 22:00,Mon - Fri,Stock
THEP.FR,Thermador Groupe SA CFD,EUR,50,0,0.30%,0.50%,09:00 - 17:30,Mon - Fri,Stock
THG.US,Hanover Insurance Group Inc,USD,50,0,0.30%,0.50%,15:30 - 22:00,Mon - Fri,Stock
THO.US,Thor Industries Inc,USD,50,0,0.30%,0.50%,15:30 - 22:00,Mon - Fri,Stock
TIE1V.FI,Tieto OYJ,EUR,100,0,0.30%,0.50%,09:00 - 17:25,Mon - Fri,Stock
TIP.IT,Tamburi Investment Partners SpA,EUR,0,0,0.30%,0.50%,09:00 - 17:30,Mon - Fri,Stock
TIT.IT,Telecom Italia SpA,EUR,0,0,0.30%,0.50%,09:00 - 17:30,Mon - Fri,Stock
TJX.US,TJX Companies Inc.,USD,50,0,0.30%,0.50%,15:30 - 22:00,Mon - Fri,Stock
TKA.DE,Thyssenkrupp AG,EUR,50,0,0.30%,0.50%,09:00 - 17:30,Mon - Fri,Stock
TKC.US,Turkcell Iletisim Hizmetleri AS,USD,50,0,0.30%,0.50%,15:30 - 22:00,Mon - Fri,Stock
TKO.US,TKO Group Holdings Inc - class A,USD,100,0,0.30%,0.50%,15:30 - 22:00,Mon - Fri,Stock
TKR.US,Timken Co,USD,50,0,0.30%,0.50%,15:30 - 22:00,Mon - Fri,Stock
TLGO.ES*,CLOSE ONLY / Talgo SA CFD,EUR,100,0,0.30%,0.50%,09:00 - 17:30,Mon - Fri,Stock
TLK.US,Telekomunikasi Indonesia Persero Tbk PT - ADR,USD,50,0,0.30%,0.50%,15:30 - 22:00,Mon - Fri,Stock
TLW.UK,Tullow Oil PLC,GBP,100,0,0.30%,0.50%,09:00 - 17:30,Mon - Fri,Stock
TLX.DE,Talanx AG,EUR,50,0,0.30%,0.50%,09:00 - 17:30,Mon - Fri,Stock
TM.US,Toyota Motor Corp - ADR,USD,50,0,0.30%,0.50%,15:30 - 22:00,Mon - Fri,Stock
TMHC.US,Taylor Morrison Home Corp,USD,50,0,0.30%,0.50%,15:30 - 22:00,Mon - Fri,Stock
TMO.US,Thermo Fisher Scientific Inc,USD,50,0,0.30%,0.50%,15:30 - 22:00,Mon - Fri,Stock
TMUS.US,T-Mobile US Inc,USD,50,0,0.30%,0.50%,15:30 - 22:00,Mon - Fri,Stock
TMV.DE,TeamViewer AG,EUR,50,0,0.30%,0.50%,09:00 - 17:30,Mon - Fri,Stock
TNL.US,Travel + Leisure Co,USD,50,0,0.30%,0.50%,15:30 - 22:00,Mon - Fri,Stock
TOL.US,Toll Brothers Inc,USD,50,0,0.30%,0.50%,15:30 - 22:00,Mon - Fri,Stock
TOM.NO,Tomra Systems ASA,NOK,1000,0,0.30%,0.50%,09:00 - 16:20,Mon - Fri,Stock
TOM2.NL,TomTom NV,EUR,100,0,0.30%,0.50%,09:00 - 17:30,Mon - Fri,Stock
TPB.US,Turning Point Brands Inc,USD,50,0,0.30%,0.50%,15:30 - 22:00,Mon - Fri,Stock
TPC.US,Tutor Perini Corp,USD,50,0,0.30%,0.50%,15:30 - 22:00,Mon - Fri,Stock
TPH.US,Tri Pointe Homes Inc (Delaware),USD,50,0,0.30%,0.50%,15:30 - 22:00,Mon - Fri,Stock
TPK.UK,Travis Perkins PLC,GBP,100,0,0.30%,0.50%,09:00 - 17:30,Mon - Fri,Stock
TPR.US,Tapestry Inc,USD,50,0,0.30%,0.50%,15:30 - 22:00,Mon - Fri,Stock
TRE.ES,Tecnicas Reunidas SA,EUR,100,0,0.30%,0.50%,09:00 - 17:30,Mon - Fri,Stock
TREE.US,LendingTree Inc,USD,50,0,0.30%,0.50%,15:30 - 22:00,Mon - Fri,Stock
TREX.US,Trex Co Inc,USD,50,0,0.30%,0.50%,15:30 - 22:00,Mon - Fri,Stock
TRI.FR,Trigano SA,EUR,50,0,0.30%,0.50%,09:00 - 17:30,Mon - Fri,Stock
TRIP.US,TripAdvisor Inc,USD,50,0,0.30%,0.50%,15:30 - 22:00,Mon - Fri,Stock
TRMB.US,Trimble Navigation Ltd,USD,50,0,0.30%,0.50%,15:30 - 22:00,Mon - Fri,Stock
TRMDA.DK,Torm PLC - class A CFD,DKK,1000,0,0.30%,0.50%,09:00 - 17:30,Mon - Fri,Stock
TRN.IT,Terna Rete Elettrica Nazionale,EUR,0,0,0.30%,0.50%,09:00 - 17:30,Mon - Fri,Stock
TRN.US,Trinity Industries Inc,USD,50,0,0.30%,0.50%,15:30 - 22:00,Mon - Fri,Stock
TROW.US,T Rowe Price Group Inc,USD,50,0,0.30%,0.50%,15:30 - 22:00,Mon - Fri,Stock
TROX.US,Tronox Holdings PLC,USD,50,0,0.30%,0.50%,15:30 - 22:00,Mon - Fri,Stock
TRP.US,TC Energy Corp CFD,USD,50.0,0,0.30%,0.50%,15:30 - 22:00,Mon - Fri,Stock
TRV.US,Travelers Cos Inc,USD,50,0,0.30%,0.50%,15:30 - 22:00,Mon - Fri,Stock
TRYG.DK,Tryg A/S,DKK,1000,0,0.30%,0.50%,09:00 - 16:55,Mon - Fri,Stock
TS.US,Tenaris SA - ADR,USD,50,0,0.30%,0.50%,15:30 - 22:00,Mon - Fri,Stock
TSCO.UK,Tesco PLC,GBP,100,0,0.30%,0.50%,09:00 - 17:30,Mon - Fri,Stock
TSCO.US,Tractor Supply Co,USD,50,0,0.30%,0.50%,15:30 - 22:00,Mon - Fri,Stock
TSE.US*,CLOSE ONLY / Trinseo SA,USD,50,0,0.30%,0.50%,15:30 - 22:00,Mon - Fri,Stock
TSEM.US,Tower Semiconductor Ltd,USD,50,0,0.30%,0.50%,15:30 - 22:00,Mon - Fri,Stock
TSLA.US,Tesla Motors Inc.,USD,50,0,0.30%,0.50%,15:30 - 22:00,Mon - Fri,Stock
TSM.US,Taiwan Semiconductor Manufacuring Company Ltd - ADR,USD,50,0,0.30%,0.50%,15:30 - 22:00,Mon - Fri,Stock
TSN.US,Tyson Foods Inc - class A,USD,50,0,0.30%,0.50%,15:30 - 22:00,Mon - Fri,Stock
TT.US,Trane Technologies PLC,USD,50,0,0.30%,0.50%,15:30 - 22:00,Mon - Fri,Stock
TTC.US,Toro Co,USD,50,0,0.30%,0.50%,15:30 - 22:00,Mon - Fri,Stock
TTD.US,Trade Desk Inc - class A,USD,50,0,0.30%,0.50%,15:30 - 22:00,Mon - Fri,Stock
TTE.FR,TotalEnergies SE,EUR,50,0,0.30%,0.50%,09:00 - 17:30,Mon - Fri,Stock
TTE.US*,CLOSE ONLY / TotalEnergies SE - ADR CFD,USD,50,0,0.30%,0.50%,15:30 - 22:00,Mon - Fri,Stock
TTEK.US,Tetra Tech Inc (Cboe BZX Real-Time Quote),USD,50,0,0.30%,0.50%,15:30 - 22:00,Mon - Fri,Stock
TTWO.US,Take-Two Interactive Software Inc,USD,50,0,0.30%,0.50%,15:30 - 22:00,Mon - Fri,Stock
TUB.ES,Tubacex SA,EUR,100,0,0.30%,0.50%,09:00 - 17:30,Mon - Fri,Stock
TUI.DE,TUI AG,EUR,50,0,0.30%,0.50%,09:00 - 17:30,Mon - Fri,Stock
TWLO.US,Twilio Inc - class A,USD,50,0,0.30%,0.50%,15:30 - 22:00,Mon - Fri,Stock
TX.US,Ternium SA - ADR,USD,50,0,0.30%,0.50%,15:30 - 22:00,Mon - Fri,Stock
TXN.US,Texas Instruments Inc,USD,50,0,0.30%,0.50%,15:30 - 22:00,Mon - Fri,Stock
TXRH.US,Texas Roadhouse Inc,USD,50,0,0.30%,0.50%,15:30 - 22:00,Mon - Fri,Stock
TXT.US,Textron Inc,USD,50,0,0.30%,0.50%,15:30 - 22:00,Mon - Fri,Stock
TYL.US,Tyler Technologies Inc,USD,50,0,0.30%,0.50%,15:30 - 22:00,Mon - Fri,Stock
TYRES.FI,Nokian Renkaat OYJ,EUR,100,0,0.30%,0.50%,09:00 - 17:25,Mon - Fri,Stock
U.US,Unity Software Inc,USD,50,0,0.30%,0.50%,15:30 - 22:00,Mon - Fri,Stock
UAA.US,Under Armour Inc,USD,50,0,0.30%,0.50%,15:30 - 22:00,Mon - Fri,Stock
UAL.US,United Continental Holdings In,USD,50,0,0.30%,0.50%,15:30 - 22:00,Mon - Fri,Stock
UBER.US,Uber Technologies Inc,USD,50,0,0.30%,0.50%,15:30 - 22:00,Mon - Fri,Stock
UBI.FR,UBISOFT Entertainment,EUR,50,0,0.30%,0.50%,09:00 - 17:30,Mon - Fri,Stock
UBSG.CH,UBS Group AG,CHF,150,0,0.30%,0.50%,09:00 - 17:20,Mon - Fri,Stock
UBSI.US,United Bankshares Inc CFD,USD,50.0,0,0.30%,0.50%,15:30 - 22:00,Mon - Fri,Stock
UBXN.CH,U Blox Holding AG,CHF,150,0,0.30%,0.50%,09:00 - 17:20,Mon - Fri,Stock
UCB.BE,UCB SA,EUR,100,0,0.30%,0.50%,09:00 - 17:30,Mon - Fri,Stock
UCG.IT,UniCredit SpA,EUR,0,0,0.30%,0.50%,09:00 - 17:30,Mon - Fri,Stock
UCTT.US,Ultra Clean Holdings Inc CFD,USD,50.0,0,0.30%,0.50%,15:30 - 22:00,Mon - Fri,Stock
UDR.US,UDR Inc,USD,50,0,0.30%,0.50%,15:30 - 22:00,Mon - Fri,Stock
UFPI.US,Ufp Industries Inc,USD,50,0,0.30%,0.50%,15:30 - 22:00,Mon - Fri,Stock
UGI.US,UGI Corp,USD,50,0,0.30%,0.50%,15:30 - 22:00,Mon - Fri,Stock
UHR.CH,Swatch Group AG,CHF,150,0,0.30%,0.50%,09:00 - 17:20,Mon - Fri,Stock
UHS.US,Universal Health Services Inc,USD,50,0,0.30%,0.50%,15:30 - 22:00,Mon - Fri,Stock
UI.US,Ubiquiti Inc,USD,50,0,0.30%,0.50%,15:30 - 22:00,Mon - Fri,Stock
UKW.UK,Greencoat UK Wind PLC,GBP,100,0,0.30%,0.50%,09:00 - 17:30,Mon - Fri,Stock
UL.US,Unilever PLC - ADR,USD,50,0,0.30%,0.50%,15:30 - 22:00,Mon - Fri,Stock
ULH.US,Universal Logistics Holdings Inc,USD,50,0,0.30%,0.50%,15:30 - 22:00,Mon - Fri,Stock
ULTA.US,Ulta Beauty Inc,USD,50,0,0.30%,0.50%,15:30 - 22:00,Mon - Fri,Stock
ULVR.UK,Unilever PLC,GBP,100,0,0.30%,0.50%,09:00 - 17:30,Mon - Fri,Stock
UMG.NL,Universal Music Group NV CFD,EUR,100,0,0.30%,0.50%,09:00 - 17:30,Mon - Fri,Stock
UMI.BE,Umicore SA,EUR,100,0,0.30%,0.50%,09:00 - 17:30,Mon - Fri,Stock
UN0.DE,Uniper SE,EUR,100,0,0.30%,0.50%,09:00 - 17:30,Mon - Fri,Stock
UN01.DE*,CLOSE ONLY / Uniper SE CFD,EUR,50,0,0.30%,0.50%,09:00 - 17:30,Mon - Fri,Stock
UNA.NL,Unilever NV,EUR,100,0,0.30%,0.50%,09:00 - 17:30,Mon - Fri,Stock
UNF.US,UniFirst Corp CFD,USD,50.0,0,0.30%,0.50%,15:30 - 22:00,Mon - Fri,Stock
UNH.US,UnitedHealth Group Inc,USD,50,0,0.30%,0.50%,15:30 - 22:00,Mon - Fri,Stock
UNI.ES,Unicaja Banco SA,EUR,100,0,0.30%,0.50%,09:00 - 17:30,Mon - Fri,Stock
UNM.US,Unum Group,USD,50,0,0.30%,0.50%,15:30 - 22:00,Mon - Fri,Stock
UNP.US,Union Pacific Corp,USD,50,0,0.30%,0.50%,15:30 - 22:00,Mon - Fri,Stock
UPBD.US,Upbound Group Inc,USD,50,0,0.30%,0.50%,15:30 - 22:00,Mon - Fri,Stock
UPM.FI,UPM-Kymmene OYJ,EUR,100,0,0.30%,0.50%,09:00 - 17:25,Mon - Fri,Stock
UPS.US,United Percel Service Inc - class B,USD,50,0,0.30%,0.50%,15:30 - 22:00,Mon - Fri,Stock
UPST.US,Upstart Holdings Inc,USD,50,0,0.30%,0.50%,15:30 - 22:00,Mon - Fri,Stock
URBN.US,Urban Outfitters Inc,USD,50,0,0.30%,0.50%,15:30 - 22:00,Mon - Fri,Stock
URGN.US,Urogen Pharma Ltd,USD,50,0,0.30%,0.50%,15:30 - 22:00,Mon - Fri,Stock
URI.US,United Rentals Inc,USD,50,0,0.30%,0.50%,15:30 - 22:00,Mon - Fri,Stock
URW.FR,Unibail-Rodamco-Westfield SE,EUR,50,0,0.30%,0.50%,09:00 - 17:30,Mon - Fri,Stock
USAU.US,US Gold Corp,USD,50,0,0.30%,0.50%,15:30 - 22:00,Mon - Fri,Stock
USB.US,US Bancorp,USD,50,0,0.30%,0.50%,15:30 - 22:00,Mon - Fri,Stock
USEA.US,United Maritime Corp,USD,50,0,0.30%,0.50%,15:30 - 22:00,Mon - Fri,Stock
USNA.US,USANA Health Sciences Inc,USD,50,0,0.30%,0.50%,15:30 - 22:00,Mon - Fri,Stock
UTDI.DE,United Internet AG,EUR,50,0,0.30%,0.50%,09:00 - 17:30,Mon - Fri,Stock
UTG.UK,UNITE Group PLC,GBP,100,0,0.30%,0.50%,09:00 - 17:30,Mon - Fri,Stock
UTHR.US,United Therapeutics Corp,USD,50,0,0.30%,0.50%,15:30 - 22:00,Mon - Fri,Stock
UTX.US*,CLOSE ONLY / Raytheon Technologies Corp CFD,USD,50,0,0.30%,0.50%,15:30 - 22:00,Mon - Fri,Stock
UU.UK,United Utilities Group PLC,GBP,100,0,0.30%,0.50%,09:00 - 17:30,Mon - Fri,Stock
UVV.US,Universal Corp,USD,100,0,0.30%,0.50%,15:30 - 22:00,Mon - Fri,Stock
V.US,Visa INC - class A,USD,50,0,0.30%,0.50%,15:30 - 22:00,Mon - Fri,Stock
VAC.FR,Pierre et Vacances SA CFD,EUR,50,0,0.30%,0.50%,09:00 - 17:30,Mon - Fri,Stock
VAC.US,Marriott Vacations Worldwide Corp,USD,50,0,0.30%,0.50%,15:30 - 22:00,Mon - Fri,Stock
VAL1.US,Valaris Ltd,USD,50,0,0.30%,0.50%,15:30 - 22:00,Mon - Fri,Stock
VALMT.FI,Valmet OYJ,EUR,100,0,0.30%,0.50%,09:00 - 17:25,Mon - Fri,Stock
VALT.UK,Valterra Platinum Ltd CFD,GBP,100.0,0,0.30%,0.50%,09:00 - 17:30,Mon - Fri,Stock
VANQ.UK,Vanquis Banking Group PLC,GBP,100,0,0.30%,0.50%,09:00 - 17:30,Mon - Fri,Stock
VANTI.FR,Vantiva SA,EUR,50,0,0.30%,0.50%,09:00 - 17:30,Mon - Fri,Stock
VAR.NO,Var Energi ASA CFD,NOK,1000,0,0.30%,0.50%,09:00 - 17:30,Mon - Fri,Stock
VBK.DE,Verbio Vereinigte Bioenergie AG,EUR,50,0,0.30%,0.50%,09:00 - 17:30,Mon - Fri,Stock
VC.US,Visteon Corp,USD,50,0,0.30%,0.50%,15:30 - 22:00,Mon - Fri,Stock
VCT.FR,Vicat,EUR,50,0,0.30%,0.50%,09:00 - 17:30,Mon - Fri,Stock
VCT.UK,Victrex PLC,GBP,100,0,0.30%,0.50%,09:00 - 17:30,Mon - Fri,Stock
VECO.US,Veeco Instruments Inc,USD,50,0,0.30%,0.50%,15:30 - 22:00,Mon - Fri,Stock
VEEV.US,Veeva Systems Inc - class A,USD,50,0,0.30%,0.50%,15:30 - 22:00,Mon - Fri,Stock
VEND.NO,Vend Marketplaces ASA - class B CFD,NOK,1000.0,0,0.30%,0.50%,09:00 - 16:20,Mon - Fri,Stock
VERX.US,Vertex Inc,USD,50,0,0.30%,0.50%,15:30 - 22:00,Mon - Fri,Stock
VETO.FR,Vetoquinol SA CFD,EUR,50,0,0.30%,0.50%,09:00 - 17:30,Mon - Fri,Stock
VFC.US,VF Corp,USD,50,0,0.30%,0.50%,15:30 - 22:00,Mon - Fri,Stock
VHC.US,VirnetX Holding Corp,USD,50,0,0.30%,0.50%,15:30 - 22:00,Mon - Fri,Stock
VICI.US,VICI Properties Inc,USD,50,0,0.30%,0.50%,15:30 - 22:00,Mon - Fri,Stock
VICR.US,Vicor Corp,USD,100,0,0.30%,0.50%,15:30 - 22:00,Mon - Fri,Stock
VID.ES,Vidrala SA,EUR,100,0,0.30%,0.50%,09:00 - 17:30,Mon - Fri,Stock
VIE.FR,Veolia Environment,EUR,50,0,0.30%,0.50%,09:00 - 17:30,Mon - Fri,Stock
VIG.CZ,Vienna Insurance Group,CZK,0,0,0.30%,0.50%,09:00 - 16:10,Mon - Fri,Stock
VIL.FR,Viel et Compagnie SA CFD,EUR,50,0,0.30%,0.50%,09:00 - 17:30,Mon - Fri,Stock
VIPS.US,Vipshop Holdings Ltd - ADR,USD,50,0,0.30%,0.50%,15:30 - 22:00,Mon - Fri,Stock
VIR.US,Vir Biotechnology Inc,USD,50,0,0.30%,0.50%,15:30 - 22:00,Mon - Fri,Stock
VIRI.FR,Viridien SA CFD,EUR,50,0,0.30%,0.50%,09:00 - 17:30,Mon - Fri,Stock
VIS.ES,Viscofan,EUR,100,0,0.30%,0.50%,09:00 - 17:30,Mon - Fri,Stock
VISN.US,Vistance Networks Inc CFD,USD,50.0,0,0.30%,0.50%,15:30 - 22:00,Mon - Fri,Stock
VIST.US,Vista Energy SAB de CV - ADR CFD,USD,50.0,0,0.30%,0.50%,15:30 - 22:00,Mon - Fri,Stock
VIV.FR,Vivendi SA,EUR,50,0,0.30%,0.50%,09:00 - 17:30,Mon - Fri,Stock
VK.FR,Vallourec SA,EUR,50,0,0.30%,0.50%,09:00 - 17:30,Mon - Fri,Stock
VLO.US,Valero Energy Corp,USD,50,0,0.30%,0.50%,15:30 - 22:00,Mon - Fri,Stock
VLY.US,Valley National Bancorp,USD,50,0,0.30%,0.50%,15:30 - 22:00,Mon - Fri,Stock
VMC.US,Vulcan Materials Co,USD,50,0,0.30%,0.50%,15:30 - 22:00,Mon - Fri,Stock
VMX.FR,Verimatrix SA CFD,EUR,50,0,0.30%,0.50%,09:00 - 17:30,Mon - Fri,Stock
VNA.DE,Vonovia SE,EUR,50,0,0.30%,0.50%,09:00 - 17:30,Mon - Fri,Stock
VNDA.US,Vanda Pharmaceuticals Inc,USD,50,0,0.30%,0.50%,15:30 - 22:00,Mon - Fri,Stock
VNET.US,VNET Group Inc CFD,USD,50.0,0,0.30%,0.50%,15:30 - 22:00,Mon - Fri,Stock
VNO.US,Vornado Realty Trust,USD,50,0,0.30%,0.50%,15:30 - 22:00,Mon - Fri,Stock
VOD.UK,Vodafone Group PLC,GBP,100,0,0.30%,0.50%,09:00 - 17:30,Mon - Fri,Stock
VOD.US,Vodafone Group PLC - ADR,USD,50,0,0.30%,0.50%,15:30 - 22:00,Mon - Fri,Stock
VOLCARB.SE,Volvo Car AB - class B,SEK,1000,0,0.30%,0.50%,09:00 - 17:25,Mon - Fri,Stock
VOLVB.SE,Volvo AB,SEK,1000,0,0.30%,0.50%,09:00 - 17:25,Mon - Fri,Stock
VOW1.DE,Volkswagen AG - common shares,EUR,50,0,0.30%,0.50%,09:00 - 17:30,Mon - Fri,Stock
VOW3.DE,Volkswagen AG - preference shares,EUR,50,0,0.30%,0.50%,09:00 - 17:30,Mon - Fri,Stock
VPG.US,Vishay Precision Group Inc,USD,50,0,0.30%,0.50%,15:30 - 22:00,Mon - Fri,Stock
VPK.NL,Koninklijke Vopak NV,EUR,100,0,0.30%,0.50%,09:00 - 17:30,Mon - Fri,Stock
VRAP.FR,Vranken Pommery Monopole SA CFD,EUR,50,0,0.30%,0.50%,09:00 - 17:30,Mon - Fri,Stock
VRE.US,Veris Residential Inc,USD,50,0,0.30%,0.50%,15:30 - 22:00,Mon - Fri,Stock
VRM.US,Vroom Inc,USD,50,0,0.30%,0.50%,15:30 - 22:00,Mon - Fri,Stock
VRSK.US,Verisk Analytics Inc - class A,USD,50,0,0.30%,0.50%,15:30 - 22:00,Mon - Fri,Stock
VRSN.US,VeriSign Inc,USD,50,0,0.30%,0.50%,15:30 - 22:00,Mon - Fri,Stock
VRTX.US,Vertex Pharmaceuticals Inc,USD,50,0,0.30%,0.50%,15:30 - 22:00,Mon - Fri,Stock
VSAT.US,ViaSat Inc,USD,50,0,0.30%,0.50%,15:30 - 22:00,Mon - Fri,Stock
VSCO.US,Victoria's Secret & Co,USD,100,0,0.30%,0.50%,15:30 - 22:00,Mon - Fri,Stock
VSEC.US,VSE Corp,USD,50,0,0.30%,0.50%,15:30 - 22:00,Mon - Fri,Stock
VSTS.US,Vestis Corp CFD (Cboe BZX Real-Time Quote),USD,50,0,0.30%,0.50%,15:30 - 22:00,Mon - Fri,Stock
VTR.US,Ventas Inc,USD,50,0,0.30%,0.50%,15:30 - 22:00,Mon - Fri,Stock
VTRS.US,Viatris Inc,USD,50,0,0.30%,0.50%,15:30 - 22:00,Mon - Fri,Stock
VTS.US,Vitesse Energy Inc,USD,50,0,0.30%,0.50%,15:30 - 22:00,Mon - Fri,Stock
VTY.UK,Vistry Group PLC,GBP,100,0,0.30%,0.50%,09:00 - 17:30,Mon - Fri,Stock
VU.FR,Vusiongroup SA CFD,EUR,50,0,0.30%,0.50%,09:00 - 17:30,Mon - Fri,Stock
VWS.DK,Vestas Wind Systems A/S,DKK,1000,0,0.30%,0.50%,09:00 - 16:55,Mon - Fri,Stock
VYX.US,NCR Voyix Corp CFD (Cboe BZX Real-Time Quote),USD,50,0,0.30%,0.50%,15:30 - 22:00,Mon - Fri,Stock
VZ.US,Verizon Communications Inc,USD,50,0,0.30%,0.50%,15:30 - 22:00,Mon - Fri,Stock
W.US,Wayfair Inc - class A,USD,50,0,0.30%,0.50%,15:30 - 22:00,Mon - Fri,Stock
WAB.US,Wabtec Corp,USD,50,0,0.30%,0.50%,15:30 - 22:00,Mon - Fri,Stock
WAFD.US,WaFd Inc,USD,50,0,0.30%,0.50%,15:30 - 22:00,Mon - Fri,Stock
WAT.US,Waters Corp,USD,50,0,0.30%,0.50%,15:30 - 22:00,Mon - Fri,Stock
WAVE.FR,Wavestone SA CFD,EUR,50,0,0.30%,0.50%,09:00 - 17:30,Mon - Fri,Stock
WB.US,Weibo Corp. - ADR,USD,50,0,0.30%,0.50%,15:30 - 22:00,Mon - Fri,Stock
WBD.IT,Webuild SpA,EUR,0,0,0.30%,0.50%,09:00 - 17:30,Mon - Fri,Stock
WBD.US,Warner Bros Discovery Inc,USD,50,0,0.30%,0.50%,15:30 - 22:00,Mon - Fri,Stock
WBS.US,Webster Financial Corp,USD,50,0,0.30%,0.50%,15:30 - 22:00,Mon - Fri,Stock
WCC.US,Wesco International Inc,USD,50,0,0.30%,0.50%,15:30 - 22:00,Mon - Fri,Stock
WCH.DE,Wacker Chemie AG,EUR,50,0,0.30%,0.50%,09:00 - 17:30,Mon - Fri,Stock
WCN.US,Waste Connections Inc,USD,50,0,0.30%,0.50%,15:30 - 22:00,Mon - Fri,Stock
WD.US,Walker & Dunlop Inc,USD,50,0,0.30%,0.50%,15:30 - 22:00,Mon - Fri,Stock
WDAY.US,Workday Inc - class A,USD,50,0,0.30%,0.50%,15:30 - 22:00,Mon - Fri,Stock
WDC.US,Western Digital Corp,USD,50,0,0.30%,0.50%,15:30 - 22:00,Mon - Fri,Stock
WDFC.US,WD-40 Co,USD,100,0,0.30%,0.50%,15:30 - 22:00,Mon - Fri,Stock
WDI.DE*,CLOSE ONLY / Wirecard AG CFD,EUR,50,0,0.30%,0.50%,-,Mon - Fri,Stock
WDP.BE,Warehouses De Pauw CVA,EUR,100,0,0.30%,0.50%,09:00 - 17:30,Mon - Fri,Stock
WEC.US,WEC Energy Group Inc,USD,50,0,0.30%,0.50%,15:30 - 22:00,Mon - Fri,Stock
WEIR.UK,Weir Group PLC,GBP,100,0,0.30%,0.50%,09:00 - 17:30,Mon - Fri,Stock
WERN.US,Werner Enterprises Inc,USD,50,0,0.30%,0.50%,15:30 - 22:00,Mon - Fri,Stock
WFC.US,Wells Fargo & Co,USD,50,0,0.30%,0.50%,15:30 - 22:00,Mon - Fri,Stock
WFRD.US,Weatherford International PLC CFD,USD,50.0,0,0.30%,0.50%,15:30 - 22:00,Mon - Fri,Stock
WGO.US,Winnebago Industries Inc,USD,50,0,0.30%,0.50%,15:30 - 22:00,Mon - Fri,Stock
WHR.US,Whirlpool Corp,USD,50,0,0.30%,0.50%,15:30 - 22:00,Mon - Fri,Stock
WIX.UK,Wickes Group PLC,GBP,100,0,0.30%,0.50%,09:00 - 17:30,Mon - Fri,Stock
WIX.US,Wix.com Ltd.,USD,50,0,0.30%,0.50%,15:30 - 22:00,Mon - Fri,Stock
WIZZ.UK,Wizz Air Holding PLC,GBP,100,0,0.30%,0.50%,09:00 - 17:30,Mon - Fri,Stock
WKC.US,World Kinect Corporation,USD,50,0,0.30%,0.50%,15:30 - 22:00,Mon - Fri,Stock
WKHS.US,Workhorse Group Inc,USD,50,0,0.30%,0.50%,15:30 - 22:00,Mon - Fri,Stock
WKL.NL,Wolters Kluwer NV,EUR,100,0,0.30%,0.50%,09:00 - 17:30,Mon - Fri,Stock
WKP.UK,Workspace Group PLC,GBP,100,0,0.30%,0.50%,09:00 - 17:30,Mon - Fri,Stock
WLK.US,Westlake Chemical Corp,USD,50,0,0.30%,0.50%,15:30 - 22:00,Mon - Fri,Stock
WLN.FR,Worldline SA/France,EUR,50,0,0.30%,0.50%,09:00 - 17:30,Mon - Fri,Stock
WLY.US,John Wiley & Sons Inc CFD,USD,50.0,0,0.30%,0.50%,15:30 - 22:00,Mon - Fri,Stock
WM.US,Waste Management Inc,USD,50,0,0.30%,0.50%,15:30 - 22:00,Mon - Fri,Stock
WMB.US,Williams Cos Inc,USD,50,0,0.30%,0.50%,15:30 - 22:00,Mon - Fri,Stock
WMG.US,Warner Music Group Corp - class A,USD,50,0,0.30%,0.50%,15:30 - 22:00,Mon - Fri,Stock
WMT.US,Wal-Mart Stores Inc,USD,50,0,0.30%,0.50%,15:30 - 22:00,Mon - Fri,Stock
WOLF.US*,CLOSE ONLY / Wolfspeed Inc,USD,50,0,0.30%,0.50%,15:30 - 22:00,Mon - Fri,Stock
WOR.US,Worthington Enterprises Inc,USD,50,0,0.30%,0.50%,15:30 - 22:00,Mon - Fri,Stock
WPM.US,Wheaton Precious Metals Corp,USD,50,0,0.30%,0.50%,15:30 - 22:00,Mon - Fri,Stock
WPP.UK,WPP PLC,GBP,100,0,0.30%,0.50%,09:00 - 17:30,Mon - Fri,Stock
WPS.UK,WAG Payment Solutions PLC,GBP,100,0,0.30%,0.50%,09:00 - 17:30,Mon - Fri,Stock
WRB.US,WR Berkley Corp,USD,50,0,0.30%,0.50%,15:30 - 22:00,Mon - Fri,Stock
WRT1V.FI,Wartsila OYJ Abp,EUR,100,0,0.30%,0.50%,09:00 - 17:25,Mon - Fri,Stock
WSM.US,Williams-Sonoma Inc,USD,50,0,0.30%,0.50%,15:30 - 22:00,Mon - Fri,Stock
WST.US,West Pharmaceutical Services Inc,USD,50,0,0.30%,0.50%,15:30 - 22:00,Mon - Fri,Stock
WTB.UK,Whitbread PLC,GBP,100,0,0.30%,0.50%,09:00 - 17:30,Mon - Fri,Stock
WTI.US,W&T Offshore Inc,USD,50,0,0.30%,0.50%,15:30 - 22:00,Mon - Fri,Stock
WTRG.US,Essential Utilities Inc,USD,50,0,0.30%,0.50%,15:30 - 22:00,Mon - Fri,Stock
WTS.US,Watts Water Technologies Inc - class A CFD,USD,50.0,0,0.30%,0.50%,15:30 - 22:00,Mon - Fri,Stock
WTTR.US,Select Water Solutions Inc - class A CFD (Cboe BZX Real-Time Quote),USD,50,0,0.30%,0.50%,15:30 - 22:00,Mon - Fri,Stock
WU.US,Western Union Co,USD,50,0,0.30%,0.50%,15:30 - 22:00,Mon - Fri,Stock
WWD.US,Woodward Inc,USD,50,0,0.30%,0.50%,15:30 - 22:00,Mon - Fri,Stock
WWW.US,Wolverine World Wide Inc,USD,50,0,0.30%,0.50%,15:30 - 22:00,Mon - Fri,Stock
WY.US,Weyerhaeuser Co,USD,50,0,0.30%,0.50%,15:30 - 22:00,Mon - Fri,Stock
WYNN.US,Wynn Resorts Ltd,USD,50,0,0.30%,0.50%,15:30 - 22:00,Mon - Fri,Stock
XEL.US,Xcel Energy Inc,USD,50,0,0.30%,0.50%,15:30 - 22:00,Mon - Fri,Stock
XOM.US,Exxon Mobil Corp,USD,50,0,0.30%,0.50%,15:30 - 22:00,Mon - Fri,Stock
XP.US,Xp Inc - class A,USD,50,0,0.30%,0.50%,15:30 - 22:00,Mon - Fri,Stock
XPEL.US,Xpel Inc,USD,50,0,0.30%,0.50%,15:30 - 22:00,Mon - Fri,Stock
XPEV.US,Xpeng Inc - ADR,USD,50,0,0.30%,0.50%,15:30 - 22:00,Mon - Fri,Stock
XRAY.US,DENTSPLY SIRONA Inc,USD,50,0,0.30%,0.50%,15:30 - 22:00,Mon - Fri,Stock
XRX.US,Xerox Corp,USD,50,0,0.30%,0.50%,15:30 - 22:00,Mon - Fri,Stock
XYL.US,Xylem Inc.,USD,50,0,0.30%,0.50%,15:30 - 22:00,Mon - Fri,Stock
XYZ.US,Block Inc CFD,USD,50.0,0,0.30%,0.50%,15:30 - 22:00,Mon - Fri,Stock
YAR.NO,Yara International ASA,NOK,1000,0,0.30%,0.50%,09:00 - 16:20,Mon - Fri,Stock
YETI.US,Yeti Holdings Inc,USD,50,0,0.30%,0.50%,15:30 - 22:00,Mon - Fri,Stock
YIT.FI,YIT OYJ,EUR,100,0,0.30%,0.50%,09:00 - 17:25,Mon - Fri,Stock
YMM.US,Full Truck Alliance Co Ltd,USD,50,0,0.30%,0.50%,15:30 - 22:00,Mon - Fri,Stock
YPF.US*,CLOSE ONLY / YPF Sociedad Anonima CFD - ADR,USD,50,0,0.30%,0.50%,15:30 - 22:00,Mon - Fri,Stock
YUM.US,Yum! Brands Inc,USD,50,0,0.30%,0.50%,15:30 - 22:00,Mon - Fri,Stock
YUMC.US,Yum China Holdings Inc,USD,50,0,0.30%,0.50%,15:30 - 22:00,Mon - Fri,Stock
YY.US*,CLOSE ONLY / YY Inc. CFD - ADR,USD,50,0,0.30%,0.50%,15:30 - 22:00,Mon - Fri,Stock
Z.US,Zillow Group Inc - class C,USD,50,0,0.30%,0.50%,15:30 - 22:00,Mon - Fri,Stock
ZAL.DE,Zalando SE,EUR,50,0,0.30%,0.50%,09:00 - 17:30,Mon - Fri,Stock
ZBH.US,Zimmer Biomet Holdings Inc,USD,50,0,0.30%,0.50%,15:30 - 22:00,Mon - Fri,Stock
ZBRA.US,Zebra Technologies Corp,USD,50,0,0.30%,0.50%,15:30 - 22:00,Mon - Fri,Stock
ZD.US,Ziff Davis Inc,USD,50,0,0.30%,0.50%,15:30 - 22:00,Mon - Fri,Stock
ZEAL.DK,Zealand Pharma A/S CFD,DKK,1000,0,0.30%,0.50%,09:00 - 16:55,Mon - Fri,Stock
ZI.US*,CLOSE ONLY / ZoomInfo Technologies Inc - class A CFD,USD,50,0,0.30%,0.50%,15:30 - 22:00,Mon - Fri,Stock
ZIL2.DE,ElringKlinger AG,EUR,50,0,0.30%,0.50%,09:00 - 17:30,Mon - Fri,Stock
ZION.US,Zions Bancorporation,USD,50,0,0.30%,0.50%,15:30 - 22:00,Mon - Fri,Stock
ZM.US,Zoom Video Communications Inc - class A,USD,50,0,0.30%,0.50%,15:30 - 22:00,Mon - Fri,Stock
ZS.US,Zscaler Inc CFD,USD,50.0,0,0.30%,0.50%,15:30 - 22:00,Mon - Fri,Stock
ZTO.US,ZTO Express Cayman Inc - ADR,USD,50,0,0.30%,0.50%,15:30 - 22:00,Mon - Fri,Stock
ZTS.US,Zoetis Inc - class A,USD,50,0,0.30%,0.50%,15:30 - 22:00,Mon - Fri,Stock
ZURN.CH,Zurich Insurance Group AG,CHF,150,0,0.30%,0.50%,09:00 - 17:20,Mon - Fri,Stock
AEME.FR,"Amundi, UCITS, ACC, EUR CFD",EUR,50,0,0.30%,0.50%,09:00 - 17:30,Mon - Fri,ETF
AGG.US,iShares Core US Aggreagte ETF CFD,USD,50,0,0.30%,0.50%,15:30 - 22:00,Mon - Fri,ETF
AHYI.DE,"Amundi PEA Dow Jones Industrial Averge UCITS D (Dist, EUR) CFD",EUR,50,0,0.30%,0.50%,09:00 - 17:30,Mon - Fri,ETF
AIGA.UK,"WisdomTree Agriculture, ACC, USD",USD,100.0,0,0.30%,0.50%,09:00 - 17:30,Mon - Fri,ETF
AMED.DE,"Amundi, UCITS, ACC, EUR CFD",EUR,50,0,0.30%,0.50%,09:00 - 17:30,Mon - Fri,ETF
AOK.US,iShares Core Conservative Allocation (Dist USD),USD,50,0,0.30%,0.50%,15:30 - 22:00,Mon - Fri,ETF
ARGT.US,"Global X MSCI Argentina (Dist, USD) CFD",USD,50,0,0.30%,0.50%,15:30 - 22:00,Mon - Fri,ETF
ARKF.US,"Ark Fintech Innovation ETF (Dist, USD) CFD",USD,50,0,0.30%,0.50%,15:30 - 22:00,Mon - Fri,ETF
ARKG.US,"ARK Genomic Revolution ETF (Dist, USD) CFD",USD,50,0,0.30%,0.50%,15:30 - 22:00,Mon - Fri,ETF
ARKK.US,"ARK Innovation ETF (Dist, USD) CFD",USD,50,0,0.30%,0.50%,15:30 - 22:00,Mon - Fri,ETF
ARKQ.US,"ARK Autonomous Technology & Robotics ETF (Dist, USD) CFD",USD,50,0,0.30%,0.50%,15:30 - 22:00,Mon - Fri,ETF
ARKW.US,"ARK Next Generation Internet ETF (Dist, USD) CFD",USD,50,0,0.30%,0.50%,15:30 - 22:00,Mon - Fri,ETF
BIL.US,"SPDR Bloomberg 1-3 Month T-Bill ETF (Dist, USD) CFD",USD,50,0,0.30%,0.50%,15:30 - 22:00,Mon - Fri,ETF
BITB.US,"Bitwise Bitcoin ETF (Dist, USD)",USD,50,0,0.30%,0.50%,15:30 - 22:00,Mon - Fri,ETF
BIV.US,Vanguard Intermediate-Term Bond ETF CFD,USD,50,0,0.30%,0.50%,15:30 - 22:00,Mon - Fri,ETF
BIZD.US,"VanEck BDC Income ETF (Dist, USD)",USD,50,0,0.30%,0.50%,15:30 - 22:00,Mon - Fri,ETF
BKLN.US,"Invesco Senior Loan ETF (Dist, USD) CFD (Cboe BZX Real-Time Quote)",USD,50.0,0,0.30%,0.50%,15:30 - 22:00,Mon - Fri,ETF
BND.US,Vanguard Total Bond Market ETF CFD,USD,50,0,0.30%,0.50%,15:30 - 22:00,Mon - Fri,ETF
BNDX.US,Vanguard Total International Bond ETF CFD,USD,50,0,0.30%,0.50%,15:30 - 22:00,Mon - Fri,ETF
BOTZ.US,Global X Robotics and Artificial Intelligence (Dist USD) CFD,USD,50,0,0.30%,0.50%,15:30 - 22:00,Mon - Fri,ETF
BRRR.US,"Valkyrie Bitcoin Fund (Dist, USD)",USD,50,0,0.30%,0.50%,15:30 - 22:00,Mon - Fri,ETF
BTC.US,"Grayscale Bitcoin Mini Trust (Dist, USD)",USD,50,0,0.30%,0.50%,15:30 - 22:00,Mon - Fri,ETF
BTCO.US,"Invesco Galaxy Bitcoin ETF (Dist, USD)",USD,50,0,0.30%,0.50%,15:30 - 22:00,Mon - Fri,ETF
BTCW.US,"WisdomTree Bitcoin Fund (Dist, USD)",USD,50,0,0.30%,0.50%,15:30 - 22:00,Mon - Fri,ETF
BUG.US,"Global X Cybersecurity ETF (Dist, USD)",USD,50,0,0.30%,0.50%,15:30 - 22:00,Mon - Fri,ETF
BWZ.US,"SPDR Bloomberg Short Term Intl Treasury Bd ETF (Dist, USD)",USD,50,0,0.30%,0.50%,15:30 - 22:00,Mon - Fri,ETF
CES1.UK,"iShares MSCI EMU Small Cap UCITS (Acc, GBp) CFD",GBP,100,0,0.30%,0.50%,09:00 - 17:30,Mon - Fri,ETF
CEU1.UK,"iShares Core MSCI EMU UCITS ETF (Acc, GBP) CFD",GBP,100,0,0.30%,0.50%,09:00 - 17:30,Mon - Fri,ETF
CEUG.UK,iShares Core MSCI EMU UCITS (Dist GBP),GBP,100,0,0.30%,0.50%,09:00 - 17:30,Mon - Fri,ETF
CFO.US,"VictoryShares US 500 Enhanced Volatility Wtd Index (Dist, USD)",USD,50,0,0.30%,0.50%,15:30 - 22:00,Mon - Fri,ETF
CHIQ.US,"Global X MSCI China Consumer Discretionary ETF (Dist, USD)",USD,50,0,0.30%,0.50%,15:30 - 22:00,Mon - Fri,ETF
CLOU.US,"Global X Cloud Computing ETF (Dist, USD)",USD,50,0,0.30%,0.50%,15:30 - 22:00,Mon - Fri,ETF
CMF.US,"iShares California Muni Bond ETF (Dist, USD)",USD,50,0,0.30%,0.50%,15:30 - 22:00,Mon - Fri,ETF
COPX.US,Global X Copper Miners ETF CFD,USD,50,0,0.30%,0.50%,15:30 - 22:00,Mon - Fri,ETF
CQQQ.US,"Invesco China Technology ETF (Dist, USD)",USD,50,0,0.30%,0.50%,15:30 - 22:00,Mon - Fri,ETF
CSW.FR,"Amundi, UCITS, ACC, EUR CFD",EUR,50,0,0.30%,0.50%,09:00 - 17:30,Mon - Fri,ETF
CWI.US,"Spdr Msci Acwi Ex Us Etf (Dist, USD)",USD,50,0,0.30%,0.50%,15:30 - 22:00,Mon - Fri,ETF
DBJP.US,"Xtrackers MSCI Japan Hedged Equity ETF (Dist, USD)",USD,50,0,0.30%,0.50%,15:30 - 22:00,Mon - Fri,ETF
DBZB.DE,Xtrackers II Global Government Bond UCITS (Acc EUR),EUR,50,0,0.30%,0.50%,09:00 - 17:30,Mon - Fri,ETF
DEM.US,"WisdomTree Emerging Markets High Dividend Fund (Dist, USD)",USD,50,0,0.30%,0.50%,15:30 - 22:00,Mon - Fri,ETF
DES.US,"WisdomTree US SmallCap Dividend Fund (Dist, USD)",USD,50,0,0.30%,0.50%,15:30 - 22:00,Mon - Fri,ETF
DFJ.US,"WisdomTree Japan Smallcap Dividend Fund (Dist, USD)",USD,50,0,0.30%,0.50%,15:30 - 22:00,Mon - Fri,ETF
DGRO.US,"iShares Core Dividend Growth ETF (Dist, USD) CFD",USD,50,0,0.30%,0.50%,15:30 - 22:00,Mon - Fri,ETF
DGRS.US,"WisdomTree US SmallCap Quality Dividend Growth (Dist, USD)",USD,50,0,0.30%,0.50%,15:30 - 22:00,Mon - Fri,ETF
DGS.US,"WisdomTree Emerging Markets SmallCap Dividend Fund (Dist, USD)",USD,50,0,0.30%,0.50%,15:30 - 22:00,Mon - Fri,ETF
DGTL.UK,iShares Digitalisation UCITS ETF USD (Acc) CFD,USD,100,0,0.30%,0.50%,09:00 - 17:30,Mon - Fri,ETF
DIA.US,SPDR Dow Jones Industrial Average Trust ETF CFD,USD,50,0,0.30%,0.50%,15:30 - 22:00,Mon - Fri,ETF
DIG.US,"Proshares Ultra Oil & Gas ETF (Dist, USD)",USD,50,0,0.30%,0.50%,15:30 - 22:00,Mon - Fri,ETF
DIV.US,"Global X SuperDividend US ETF (Dist, USD)",USD,50,0,0.30%,0.50%,15:30 - 22:00,Mon - Fri,ETF
DLN.US,"WisdomTree US LargeCap Dividend Fund (Dist, USD)",USD,50,0,0.30%,0.50%,15:30 - 22:00,Mon - Fri,ETF
DON.US,"WisdomTree US MidCap Dividend Fund (Dist, USD)",USD,50,0,0.30%,0.50%,15:30 - 22:00,Mon - Fri,ETF
DRN.US,"Direxion Daily Real Estate Bull 3X Shares (Dist, USD)",USD,50,0,0.30%,0.50%,15:30 - 22:00,Mon - Fri,ETF
DRV.US,"Direxion Daily Real Estate Bear 3X Shares (Dist, USD)",USD,50,0,0.30%,0.50%,15:30 - 22:00,Mon - Fri,ETF
DUG.US,"ProShares UltraShort Oil & Gas (Dist, USD)",USD,50,0,0.30%,0.50%,15:30 - 22:00,Mon - Fri,ETF
DVY.US,"iShares Select Dividend ETF (Dist, USD) CFD",USD,50.0,0,0.30%,0.50%,15:30 - 22:00,Mon - Fri,ETF
DXJ.US,"WisdomTree Japan Hedged Equity Fund (Dist, USD) CFD",USD,50.0,0,0.30%,0.50%,15:30 - 22:00,Mon - Fri,ETF
ECH.US,iShares MSCI Chile ETF CFD,USD,50,0,0.30%,0.50%,15:30 - 22:00,Mon - Fri,ETF
EDC.US,Direxion Daily MSCI Emerging Markets Bull 3x Shs CFD (Cboe BZX Real-Time Quote),USD,50.0,0,0.30%,0.50%,15:30 - 22:00,Mon - Fri,ETF
EDV.US,"Vanguard Extended Duration Treasury Index Fd (Dist, USD)",USD,50,0,0.30%,0.50%,15:30 - 22:00,Mon - Fri,ETF
EDZ.US,"Direxion Daily MSCI Emerging Markets Bear 3x Shs (Dist, USD)",USD,50,0,0.30%,0.50%,15:30 - 22:00,Mon - Fri,ETF
EEM.US,iShares MSCI Emerging Markets ETF CFD,USD,50,0,0.30%,0.50%,15:30 - 22:00,Mon - Fri,ETF
EFA.US,iShares MSCI EAFE ETF CFD,USD,50,0,0.30%,0.50%,15:30 - 22:00,Mon - Fri,ETF
EIS.US,"iShares MSCI Israel ETF (Dist, USD)",USD,50,0,0.30%,0.50%,15:30 - 22:00,Mon - Fri,ETF
EMB.US,iShares JP Morgan USD Emerging Markets Bond ETF CFD,USD,50,0,0.30%,0.50%,15:30 - 22:00,Mon - Fri,ETF
EMGF.US,"iShares MSCI Emerging Markets Multifactor ETF (Dist, USD)",USD,50,0,0.30%,0.50%,15:30 - 22:00,Mon - Fri,ETF
EMLC.US,"VanEck JP Morgan EM Local Currency Bond ETF (Dist, USD)",USD,50,0,0.30%,0.50%,15:30 - 22:00,Mon - Fri,ETF
ENZL.US,"iShares MSCI New Zealand ETF (Dist, USD)",USD,50,0,0.30%,0.50%,15:30 - 22:00,Mon - Fri,ETF
EPHE.US,"iShares MSCI Philippines ETF (Dist, USD)",USD,50,0,0.30%,0.50%,15:30 - 22:00,Mon - Fri,ETF
EPI.US,"WisdomTree India Earnings Fund (Dist, USD) CFD",USD,50.0,0,0.30%,0.50%,15:30 - 22:00,Mon - Fri,ETF
EPOL.US,"iShares MSCI Poland ETF (Dist, USD) CFD",USD,50.0,0,0.30%,0.50%,15:30 - 22:00,Mon - Fri,ETF
EPP.US,"iShares MSCI Pacific ex Japan ETF (Dist, USD)",USD,50,0,0.30%,0.50%,15:30 - 22:00,Mon - Fri,ETF
EPU.US,iShares MSCI All Peru Capped Index ETF CFD,USD,50,0,0.30%,0.50%,15:30 - 22:00,Mon - Fri,ETF
ERX.US,"Direxion Daily Energy Bull 2X Shares (Dist, USD) CFD",USD,50.0,0,0.30%,0.50%,15:30 - 22:00,Mon - Fri,ETF
ERY.US,"Direxion Daily Energy Bear 2X Shares (Dist, USD)",USD,50,0,0.30%,0.50%,15:30 - 22:00,Mon - Fri,ETF
ESGU.US,"iShares ESG Aware MSCI USA ETF (Dist, USD) CFD",USD,50,0,0.30%,0.50%,15:30 - 22:00,Mon - Fri,ETF
ESPO.US,"VanEck Vectors Video Gaming and eSports ETF (Dist, USD) CFD",USD,50,0,0.30%,0.50%,15:30 - 22:00,Mon - Fri,ETF
EUFN.US,"iShares MSCI Europe Financials ETF (Dist, USD) CFD (Cboe BZX Real-Time Quote)",USD,50.0,0,0.30%,0.50%,15:30 - 22:00,Mon - Fri,ETF
EUNK.DE,"iShares, UCITS, ACC, EUR CFD",EUR,50,0,0.30%,0.50%,09:00 - 17:30,Mon - Fri,ETF
EUNN.DE,"iShares, UCITS, ACC, EUR CFD",EUR,50,0,0.30%,0.50%,09:00 - 17:30,Mon - Fri,ETF
EWA.US,"iShares Inc - iShares MSCI Australia ETF (Dist, USD) CFD",USD,50.0,0,0.30%,0.50%,15:30 - 22:00,Mon - Fri,ETF
EWC.US,"iShares Inc - iShares MSCI Canada ETF (Dist, USD) CFD",USD,50.0,0,0.30%,0.50%,15:30 - 22:00,Mon - Fri,ETF
EWG.US,iShares MSCI Germany ETF CFD,USD,50,0,0.30%,0.50%,15:30 - 22:00,Mon - Fri,ETF
EWH.US,iShares MSCI Hong Kong ETF CFD,USD,50,0,0.30%,0.50%,15:30 - 22:00,Mon - Fri,ETF
EWI.US,"iShares MSCI Italy ETF (Dist, USD) CFD",USD,50.0,0,0.30%,0.50%,15:30 - 22:00,Mon - Fri,ETF
EWJ.US,iShares MSCI Japan ETF CFD,USD,50,0,0.30%,0.50%,15:30 - 22:00,Mon - Fri,ETF
EWM.US,"Ishares Msci Malaysia (Dist, USD)",USD,50,0,0.30%,0.50%,15:30 - 22:00,Mon - Fri,ETF
EWN.US,"Ishares Msci Netherlands (Dist, USD)",USD,50,0,0.30%,0.50%,15:30 - 22:00,Mon - Fri,ETF
EWO.US,"iShares MSCI Austria ETF (Dist, USD)",USD,50,0,0.30%,0.50%,15:30 - 22:00,Mon - Fri,ETF
EWQ.US,iShares MSCI France ETF CFD,USD,50,0,0.30%,0.50%,15:30 - 22:00,Mon - Fri,ETF
EWT.US,iShares MSCI Taiwan ETF CFD,USD,50,0,0.30%,0.50%,15:30 - 22:00,Mon - Fri,ETF
EWU.US,iShares MSCI United Kingdom ETF CFD,USD,50,0,0.30%,0.50%,15:30 - 22:00,Mon - Fri,ETF
EWW.US,iShares MSCI Mexico Capped ETF CFD,USD,50,0,0.30%,0.50%,15:30 - 22:00,Mon - Fri,ETF
EWY.US,iShares MSCI South Korea Cappe ETF CFD,USD,50,0,0.30%,0.50%,15:30 - 22:00,Mon - Fri,ETF
EWZ.US,iShares MSCI Brazil Capped ETF CFD,USD,50,0,0.30%,0.50%,15:30 - 22:00,Mon - Fri,ETF
EWZS.US,"iShares MSCI Brazil Small-Cap ETF (Dist, USD)",USD,50,0,0.30%,0.50%,15:30 - 22:00,Mon - Fri,ETF
EXH4.DE,"iShares STOXX Europe 600 Ind Goods & Serv (Dist, EUR) CFD",EUR,50,0,0.30%,0.50%,09:00 - 17:30,Mon - Fri,ETF
EXI.US,"iShares Global Industrials ETF (Dist, USD)",USD,50,0,0.30%,0.50%,15:30 - 22:00,Mon - Fri,ETF
EZA.US,"Ishares Msci South Africa Index Fund (Dist, USD) CFD",USD,50.0,0,0.30%,0.50%,15:30 - 22:00,Mon - Fri,ETF
EZU.US,"iShares MSCI Eurozone ETF (Dist, USD) CFD",USD,50.0,0,0.30%,0.50%,15:30 - 22:00,Mon - Fri,ETF
FAS.US,Direxion Daily Financial Bull 3X Shares (Dist. USD) CFD,USD,50,0,0.30%,0.50%,15:30 - 22:00,Mon - Fri,ETF
FAZ.US,"Direxion Daily Financial Bear 3X Shares (Dist, USD) CFD",USD,50.0,0,0.30%,0.50%,15:30 - 22:00,Mon - Fri,ETF
FBTC.US,"Fidelity Wise Origin Bitcoin Fund (Dist, USD)",USD,50,0,0.30%,0.50%,15:30 - 22:00,Mon - Fri,ETF
FCG.US,"First Trust Natural Gas ETF (Dist, USD)",USD,50,0,0.30%,0.50%,15:30 - 22:00,Mon - Fri,ETF
FEP.US,"First Trust Europe AlphaDEX Fund (Dist, USD)",USD,50,0,0.30%,0.50%,15:30 - 22:00,Mon - Fri,ETF
FEX.US,"First Trust Large Cap Core AlphaDEX Fund (Dist, USD)",USD,50,0,0.30%,0.50%,15:30 - 22:00,Mon - Fri,ETF
FEZ.US,SPDR Euro Stoxx 50 ETF CFD,USD,50,0,0.30%,0.50%,15:30 - 22:00,Mon - Fri,ETF
FFTY.US,"Innovator IBD 50 ETF (Dist, USD)",USD,50,0,0.30%,0.50%,15:30 - 22:00,Mon - Fri,ETF
FGD.US,"First Trust Dow Jones Global Select Dividend Ix Fd (Dist, USD)",USD,50,0,0.30%,0.50%,15:30 - 22:00,Mon - Fri,ETF
FGM.US,"First Trust Germany AlphaDEX Fund (Dist, USD)",USD,50,0,0.30%,0.50%,15:30 - 22:00,Mon - Fri,ETF
FINX.US,"Global X FinTech ETF (Dist, USD)",USD,50,0,0.30%,0.50%,15:30 - 22:00,Mon - Fri,ETF
FLQL.US,"Franklin US Large Cap Multifactor Index ETF (Dist, USD)",USD,50,0,0.30%,0.50%,15:30 - 22:00,Mon - Fri,ETF
FMAT.US,"Fidelity MSCI Materials Index ETF (Dist, USD)",USD,50,0,0.30%,0.50%,15:30 - 22:00,Mon - Fri,ETF
FRI.US,"First Trust S&P REIT Index Fund (Dist, USD)",USD,50,0,0.30%,0.50%,15:30 - 22:00,Mon - Fri,ETF
FTA.US,"First Trust Large Cap Value AlphaDEX Fund (Dist, USD)",USD,50,0,0.30%,0.50%,15:30 - 22:00,Mon - Fri,ETF
FTC.US,"First Trust Large Cap Growth AlphaDEX Fund (Dist, USD)",USD,50,0,0.30%,0.50%,15:30 - 22:00,Mon - Fri,ETF
FVD.US,"First Trust Value Line Dividend Index Fund (Dist, USD)",USD,50,0,0.30%,0.50%,15:30 - 22:00,Mon - Fri,ETF
FXA.US,Invesco CurrencyShares Australian Dollar Trust CFD,USD,50,0,0.30%,0.50%,15:30 - 22:00,Mon - Fri,ETF
FXB.US,"Invesco CurrencyShares British Pound Strlng Tr (Dist, USD)",USD,50,0,0.30%,0.50%,15:30 - 22:00,Mon - Fri,ETF
FXC.US,"Invesco CurrencyShares Canadian Dollar Trust (Dist, USD)",USD,50,0,0.30%,0.50%,15:30 - 22:00,Mon - Fri,ETF
FXD.US,"First Trust Consumer Discretionary AlphaDEX Fund (Dist, USD)",USD,50,0,0.30%,0.50%,15:30 - 22:00,Mon - Fri,ETF
FXE.US,CurrencyShares Euro Trust ETF CFD,USD,50,0,0.30%,0.50%,15:30 - 22:00,Mon - Fri,ETF
FXF.US,"Invesco CurrencyShares Swiss Franc Trust (Dist, USD)",USD,50,0,0.30%,0.50%,15:30 - 22:00,Mon - Fri,ETF
FXG.US,"First Trust Consumer Staples Alphadex Fund (Dist, USD)",USD,50,0,0.30%,0.50%,15:30 - 22:00,Mon - Fri,ETF
FXH.US,"First Trust Health Care AlphaDEX Fund (Dist, USD)",USD,50,0,0.30%,0.50%,15:30 - 22:00,Mon - Fri,ETF
FXI.US,iShares China Large-Cap ETF CFD,USD,50,0,0.30%,0.50%,15:30 - 22:00,Mon - Fri,ETF
FXO.US,"First Trust Exchange Traded Alphadex(R) Fund (Dist, USD)",USD,50,0,0.30%,0.50%,15:30 - 22:00,Mon - Fri,ETF
FXY.US,"Invesco CurrencyShares Japanese Yen Trust (Dist, USD)",USD,50,0,0.30%,0.50%,15:30 - 22:00,Mon - Fri,ETF
FYX.US,"First Trust Small Cap Core AlphaDEX Fund (Dist, USD)",USD,50,0,0.30%,0.50%,15:30 - 22:00,Mon - Fri,ETF
G2X.DE,"VanEck, UCITS, ACC, EUR CFD",EUR,50,0,0.30%,0.50%,09:00 - 17:30,Mon - Fri,ETF
GBTC.US,"Grayscale Bitcoin Trust (Dist, USD)",USD,50,0,0.30%,0.50%,15:30 - 22:00,Mon - Fri,ETF
GDX.US,"Market Vectors Gold Miners ETF (Dist, USD) CFD",USD,50,0,0.30%,0.50%,15:30 - 22:00,Mon - Fri,ETF
GDXJ.US,VanEck Vectors Junior Gold Min ETF CFD,USD,50,0,0.30%,0.50%,15:30 - 22:00,Mon - Fri,ETF
GLD.US,SPDR Gold Shares ETF CFD,USD,50,0,0.30%,0.50%,15:30 - 22:00,Mon - Fri,ETF
GLDV.UK,"SPDR S&P Gbl Div Aristocrats UCITS ETF (Dist, USD) CFD",USD,100,0,0.30%,0.50%,09:00 - 17:30,Mon - Fri,ETF
GMVM.DE,"VanEck Morningstar US Sustainable Wide Moat UCITS ETF (Acc, EUR)",EUR,50,0,0.30%,0.50%,09:00 - 17:30,Mon - Fri,ETF
GNR.US,"SPDR S&P Global Natural Resources ETF (Dist, USD)",USD,50,0,0.30%,0.50%,15:30 - 22:00,Mon - Fri,ETF
GRID.US,"First Trust NASDAQ Cln Edge Smart Grid Infra Ix Fd (Dist, USD)",USD,50,0,0.30%,0.50%,15:30 - 22:00,Mon - Fri,ETF
GSEW.US,"Goldman Sachs Equal Weight Us Large Cap Equity Etf (Dist, USD)",USD,50,0,0.30%,0.50%,15:30 - 22:00,Mon - Fri,ETF
GSLC.US,"Goldman Sachs ActiveBeta US Large Cap Equity ETF (Dist, USD)",USD,50,0,0.30%,0.50%,15:30 - 22:00,Mon - Fri,ETF
HACK.US,"ETFMG Prime Cyber Security ETF (Dist, USD)",USD,50,0,0.30%,0.50%,15:30 - 22:00,Mon - Fri,ETF
HAP.US,"VanEck, DIST, USD",USD,50.0,0,0.30%,0.50%,15:30 - 22:00,Mon - Fri,ETF
HDGE.US,"AdvisorShares Ranger Equity Bear ETF (Dist, USD)",USD,50,0,0.30%,0.50%,15:30 - 22:00,Mon - Fri,ETF
HDV.US,"iShares Core High Dividend ETF (Dist, USD) CFD",USD,50,0,0.30%,0.50%,15:30 - 22:00,Mon - Fri,ETF
HEDJ.US,"WisdomTree Europe Hedged Equity Fund (Dist, USD)",USD,50,0,0.30%,0.50%,15:30 - 22:00,Mon - Fri,ETF
HODL.US,"VanEck Bitcoin Trust (Dist, USD)",USD,50,0,0.30%,0.50%,15:30 - 22:00,Mon - Fri,ETF
HYG.US,iShares iBoxx $ High Yield Cor ETF CFD,USD,50,0,0.30%,0.50%,15:30 - 22:00,Mon - Fri,ETF
IAT.US,"iShares U.S. Regional Banks ETF (Dist, USD)",USD,50,0,0.30%,0.50%,15:30 - 22:00,Mon - Fri,ETF
IAU.US,iShares Gold Trust ETF CFD,USD,50,0,0.30%,0.50%,15:30 - 22:00,Mon - Fri,ETF
IBB.US,iShares Nasdaq Biotechnology Index ETF CFD,USD,50,0,0.30%,0.50%,15:30 - 22:00,Mon - Fri,ETF
IBCA.DE,"iShares, UCITS, DIST, EUR CFD",EUR,50,0,0.30%,0.50%,09:00 - 17:30,Mon - Fri,ETF
IBCL.DE,"iShares, UCITS, DIST, EUR CFD",EUR,50,0,0.30%,0.50%,09:00 - 17:30,Mon - Fri,ETF
IBCS.DE,"iShares, UCITS, DIST, EUR CFD",EUR,50,0,0.30%,0.50%,09:00 - 17:30,Mon - Fri,ETF
IBIT.US,iShares Bitcoin Trust (Acc USD),USD,50,0,0.30%,0.50%,15:30 - 22:00,Mon - Fri,ETF
ICLN.US,"iShares Global Clean Energy ETF (Dist, USD) CFD",USD,50,0,0.30%,0.50%,15:30 - 22:00,Mon - Fri,ETF
IDEV.US,iShares Core MSCI International Developed Mkt (Dist USD),USD,50,0,0.30%,0.50%,15:30 - 22:00,Mon - Fri,ETF
IDNA.UK,"iShares MSCI North America UCITS ETF (Dist, USD) CFD",USD,100,0,0.30%,0.50%,09:00 - 17:30,Mon - Fri,ETF
IEF.US,iShares 7-10 year Treasury Bonds ETF CFD,USD,50,0,0.30%,0.50%,15:30 - 22:00,Mon - Fri,ETF
IEI.US,"iShares Barclays 3-7 Year Treasury Bond Fund (Dist, USD) CFD",USD,53,0,0.30%,0.50%,15:30 - 22:00,Mon - Fri,ETF
IEO.US,"ishares Dow Jones US Oil and Gas Exploration and Production Index Fund (Dist, U)S CDFD",USD,50.0,0,0.30%,0.50%,15:30 - 22:00,Mon - Fri,ETF
IEV.US,iShares Europe ETF CFD,USD,50,0,0.30%,0.50%,15:30 - 22:00,Mon - Fri,ETF
IEZ.US,"iShares US Oil Equipment & Services ETF (Dist, USD)",USD,50,0,0.30%,0.50%,15:30 - 22:00,Mon - Fri,ETF
IFFF.UK,"iShares MSCI AC FarEast ex-JapanUCITS ETF USD (Dist, GBP) CFD",GBP,100,0,0.30%,0.50%,09:00 - 17:30,Mon - Fri,ETF
IGLB.US,"iShares 10+ Year Investment Grade Corp Bond ETF (Dist, USD)",USD,50,0,0.30%,0.50%,15:30 - 22:00,Mon - Fri,ETF
IGRO.US,"iShares International Dividend Growth ETF (Dist, USD)",USD,50,0,0.30%,0.50%,15:30 - 22:00,Mon - Fri,ETF
IGV.US,"iShares Trust - iShares Expanded Tech-Software Sector ETF (Dist, USD)",USD,50,0,0.30%,0.50%,15:30 - 22:00,Mon - Fri,ETF
IHAK.US,"iShares Cybersecurity and Tech ETF (Dist, USD)",USD,50,0,0.30%,0.50%,15:30 - 22:00,Mon - Fri,ETF
IHE.US,"iShares Dow Jones US Pharmaceuticals Index Fund (Dist, USD)",USD,50,0,0.30%,0.50%,15:30 - 22:00,Mon - Fri,ETF
IHF.US,"iShares U.S. Healthcare Providers ETF (Dist, USD)",USD,50,0,0.30%,0.50%,15:30 - 22:00,Mon - Fri,ETF
IHI.US,"ISHARES DOW JONES US MEDICAL DEV.(ETF) (Dist, USD)",USD,50,0,0.30%,0.50%,15:30 - 22:00,Mon - Fri,ETF
IJH.US,iShares Core S&P Mid-Cap ETF CFD,USD,50,0,0.30%,0.50%,15:30 - 22:00,Mon - Fri,ETF
IJJ.US,"Ishares Trust S & P Mid Capital* (Dist, USD)",USD,50,0,0.30%,0.50%,15:30 - 22:00,Mon - Fri,ETF
IJPE.UK,"iShares, UCITS, ACC, EUR CFD",EUR,100,0,0.30%,0.50%,09:00 - 17:30,Mon - Fri,ETF
IJR.US,iShares Core S&P Small-Cap ETF CFD,USD,50,0,0.30%,0.50%,15:30 - 22:00,Mon - Fri,ETF
ILCG.US,"iShares Morningstar Growth ETF (Dist, USD)",USD,50,0,0.30%,0.50%,15:30 - 22:00,Mon - Fri,ETF
IMCG.US,"iShares Morningstar Mid Growth Index Fund (Dist, USD)",USD,50,0,0.30%,0.50%,15:30 - 22:00,Mon - Fri,ETF
IMEU.UK,iShares Core MSCI Europe UCITS (Dist GBP) CFD,GBP,100,0,0.30%,0.50%,09:00 - 17:30,Mon - Fri,ETF
IMVP.US,"Invesco, DIST, USD",USD,50.0,0,0.30%,0.50%,15:30 - 22:00,Mon - Fri,ETF
INDA.US,"iShares MSCI India ETF (Dist, USD) CFD",USD,50,0,0.30%,0.50%,15:30 - 22:00,Mon - Fri,ETF
INR.FR,Lyxor MSCI India UCITS ETF CFD,EUR,50,0,0.30%,0.50%,09:00 - 17:30,Mon - Fri,ETF
IOO.US,"Ishares Trust S & P Global 100 (Dist, USD)",USD,50,0,0.30%,0.50%,15:30 - 22:00,Mon - Fri,ETF
IPAC.US,iShares Core MSCI Pacific (Dist USD),USD,50,0,0.30%,0.50%,15:30 - 22:00,Mon - Fri,ETF
IPKW.US,"Invesco International BuyBack Achievers ETF (Dist, USD)",USD,50,0,0.30%,0.50%,15:30 - 22:00,Mon - Fri,ETF
IQQ4.DE,"iShares, UCITS, DIST, EUR CFD",EUR,50,0,0.30%,0.50%,09:00 - 17:30,Mon - Fri,ETF
IQQ5.DE,"iShares, UCITS, DIST, EUR CFD",EUR,50,0,0.30%,0.50%,09:00 - 17:30,Mon - Fri,ETF
IQQB.DE,"iShares, UCITS, DIST, EUR CFD",EUR,50,0,0.30%,0.50%,09:00 - 17:30,Mon - Fri,ETF
IQQC.DE,"iShares, UCITS, DIST, EUR CFD",EUR,50,0,0.30%,0.50%,09:00 - 17:30,Mon - Fri,ETF
IQQD.DE,"iShares, UCITS, DIST, EUR CFD",EUR,50,0,0.30%,0.50%,09:00 - 17:30,Mon - Fri,ETF
IQQH.DE,iShares Global Clean Energy UCITS ETF (Dist EUR) CFD,EUR,50,0,0.30%,0.50%,09:00 - 17:30,Mon - Fri,ETF
IQQJ.DE,"iShares, UCITS, DIST, EUR CFD",EUR,50,0,0.30%,0.50%,09:00 - 17:30,Mon - Fri,ETF
IQQN.DE,"iShares, UCITS, DIST, EUR CFD",EUR,50,0,0.30%,0.50%,09:00 - 17:30,Mon - Fri,ETF
IQQP.DE,"iShares, UCITS, DIST, EUR CFD",EUR,50,0,0.30%,0.50%,09:00 - 17:30,Mon - Fri,ETF
IQQW.DE,"iShares MSCI World UCITS ETF USD (Dist, EUR) CFD",EUR,50,0,0.30%,0.50%,09:00 - 17:30,Mon - Fri,ETF
IS05.DE,"iShares, UCITS, DIST, EUR CFD",EUR,50,0,0.30%,0.50%,09:00 - 17:30,Mon - Fri,ETF
ISDW.UK,"iShares, UCITS, DIST, USD",USD,100.0,0,0.30%,0.50%,09:00 - 17:30,Mon - Fri,ETF
ISWD.UK,"iShares MSCI World Islamic UCITS ETF USD (Dist) (Dist, GBp) CFD",GBP,100,0,0.30%,0.50%,09:00 - 17:30,Mon - Fri,ETF
ITA.US,iShares US Aerospace & Defense ETF CFD,USD,50,0,0.30%,0.50%,15:30 - 22:00,Mon - Fri,ETF
ITB.US,iShares U.S. Home Construction ETF CFD,USD,50,0,0.30%,0.50%,15:30 - 22:00,Mon - Fri,ETF
ITOT.US,iShares Core S&P Total US Stock Market ETF CFD,USD,50,0,0.30%,0.50%,15:30 - 22:00,Mon - Fri,ETF
IUHC.UK,"iShares S&P500 HealthCareSector UCITS ETF USD Acc (Acc, USD) CFD",USD,100,0,0.30%,0.50%,09:00 - 17:30,Mon - Fri,ETF
IUS4.DE,"iShares, UCITS, DIST, EUR CFD",EUR,50,0,0.30%,0.50%,09:00 - 17:30,Mon - Fri,ETF
IUS5.DE,"iShares, UCITS, ACC, EUR CFD",EUR,50,0,0.30%,0.50%,09:00 - 17:30,Mon - Fri,ETF
IUSC.DE,"iShares, UCITS, DIST, EUR CFD",EUR,50,0,0.30%,0.50%,09:00 - 17:30,Mon - Fri,ETF
IUSG.US,iShares Core S&P US Growth (Dist USD),USD,50,0,0.30%,0.50%,15:30 - 22:00,Mon - Fri,ETF
IUSK.DE,"iShares, UCITS, ACC, EUR CFD",EUR,50,0,0.30%,0.50%,09:00 - 17:30,Mon - Fri,ETF
IUSL.DE,"iShares, UCITS, ACC, EUR CFD",EUR,50,0,0.30%,0.50%,09:00 - 17:30,Mon - Fri,ETF
IUSV.US,iShares Core S&P US Value (Dist USD),USD,50,0,0.30%,0.50%,15:30 - 22:00,Mon - Fri,ETF
IVE.US,iShares S&P 500 Value ETF CFD,USD,50,0,0.30%,0.50%,15:30 - 22:00,Mon - Fri,ETF
IVOL.US,"Quadratic Interest Rate Vltly and Infltn Hdg ETF (Dist, USD)",USD,50,0,0.30%,0.50%,15:30 - 22:00,Mon - Fri,ETF
IVV.US,iShares Core S&P 500 ETF CFD,USD,50,0,0.30%,0.50%,15:30 - 22:00,Mon - Fri,ETF
IVW.US,"Ishares Trust S & P500/Bar (Dist, USD) CFD",USD,50.0,0,0.30%,0.50%,15:30 - 22:00,Mon - Fri,ETF
IWB.US,"iShares Russell 1000 Index Fund (Dist, USD) CFD (Cboe BZX Real-Time Quote)",USD,50.0,0,0.30%,0.50%,15:30 - 22:00,Mon - Fri,ETF
IWC.US,"iShares Micro-Cap ETF (Dist, USD) CFD",USD,50.0,0,0.30%,0.50%,15:30 - 22:00,Mon - Fri,ETF
IWF.US,iShares Russell 1000 Growth ETF CFD,USD,50,0,0.30%,0.50%,15:30 - 22:00,Mon - Fri,ETF
IWM.US,iShares Russell 2000 ETF CFD,USD,50,0,0.30%,0.50%,15:30 - 22:00,Mon - Fri,ETF
IWN.US,iShares Russell 2000 Value ETF CFD,USD,50,0,0.30%,0.50%,15:30 - 22:00,Mon - Fri,ETF
IWO.US,"iShares Russell 2000 Growth ETF (Dist, USD) CFD",USD,50.0,0,0.30%,0.50%,15:30 - 22:00,Mon - Fri,ETF
IWQU.UK,"iShares Edge MSCI Wld Qual Factor UCITS ETF (Acc, USD) CFD",USD,100,0,0.30%,0.50%,09:00 - 17:30,Mon - Fri,ETF
IWVL.UK,"iShares Edge MSCI Wld ValFactor UCITS ETF (Acc, USD) CFD",USD,100,0,0.30%,0.50%,09:00 - 17:30,Mon - Fri,ETF
IWX.US,"Ishares Russell Top 200 Value Index Fund (Dist, USD)",USD,50,0,0.30%,0.50%,15:30 - 22:00,Mon - Fri,ETF
IXJ.US,"Ishares Trust S & P Global * (Dist, USD)",USD,50,0,0.30%,0.50%,15:30 - 22:00,Mon - Fri,ETF
IXN.US,"iShares S&P Global Technology Sector Index Fund (Dist, USD)",USD,50,0,0.30%,0.50%,15:30 - 22:00,Mon - Fri,ETF
IYC.US,"iShares US Consumer Discretionary ETF (Dist, USD)",USD,50,0,0.30%,0.50%,15:30 - 22:00,Mon - Fri,ETF
IYE.US,"iShares Dow Jones US Energy Sector Fund (Dist, USD)",USD,50,0,0.30%,0.50%,15:30 - 22:00,Mon - Fri,ETF
IYF.US,"Ishares Trust Dj Us Financial (Dist, USD)",USD,50,0,0.30%,0.50%,15:30 - 22:00,Mon - Fri,ETF
IYH.US,"iShares U.S. Healthcare ETF (Dist, USD)",USD,50,0,0.30%,0.50%,15:30 - 22:00,Mon - Fri,ETF
IYJ.US,"Ishares Trust Dow Jones United States Industrial (Dist, USD)",USD,50,0,0.30%,0.50%,15:30 - 22:00,Mon - Fri,ETF
IYK.US,"iShares US Consumer Staples ETF (Dist, USD)",USD,50,0,0.30%,0.50%,15:30 - 22:00,Mon - Fri,ETF
IYM.US,"iShares Trust - iShares U.S. Basic Materials ETF (Dist, USD)",USD,50,0,0.30%,0.50%,15:30 - 22:00,Mon - Fri,ETF
IYR.US,"iShares Trust - iShares U.S. Real Estate ETF (Dist, USD) CFD",USD,50.0,0,0.30%,0.50%,15:30 - 22:00,Mon - Fri,ETF
IYW.US,"Ishares Trust Dj Us Technology (Dist, USD)",USD,50,0,0.30%,0.50%,15:30 - 22:00,Mon - Fri,ETF
IYY.US,"iShares Dow Jones US ETF (Dist, USD) CFD",USD,50.0,0,0.30%,0.50%,15:30 - 22:00,Mon - Fri,ETF
IYZ.US,"Ishares Trust Dj Us Telecom (Dist, USD)",USD,50,0,0.30%,0.50%,15:30 - 22:00,Mon - Fri,ETF
JEPI.US,"JPMorgan Equity Premium Income ETF (Dist, USD) CFD",USD,50,0,0.30%,0.50%,15:30 - 22:00,Mon - Fri,ETF
JETS.US,"US Global Jets ETF (Dist, USD) CFD",USD,50,0,0.30%,0.50%,15:30 - 22:00,Mon - Fri,ETF
JHMD.US,"John Hancock Multifactor Developed Internatl ETF (Dist, USD)",USD,50,0,0.30%,0.50%,15:30 - 22:00,Mon - Fri,ETF
JNK.US,SPDR Barclays High Yield Bond ETF CFD,USD,50,0,0.30%,0.50%,15:30 - 22:00,Mon - Fri,ETF
JNUG.US,"Direxion Daily Junior Gold Miners Idx Bull 2X Shs (Dist, ) CFD (Cboe BZX Real-TimUSeD Quote)",USD,50.0,0,0.30%,0.50%,15:30 - 22:00,Mon - Fri,ETF
KBA.US,"KraneShares Bosera MSCI China A 50 Connect Idx ETF (Dist, USD)",USD,50,0,0.30%,0.50%,15:30 - 22:00,Mon - Fri,ETF
KBE.US,"SPDR Series Trust - SPDR S&P Bank ETF (Dist, USD) CFD",USD,50.0,0,0.30%,0.50%,15:30 - 22:00,Mon - Fri,ETF
KBWB.US,"Invesco KBW Bank ETF (Dist, USD)",USD,50,0,0.30%,0.50%,15:30 - 22:00,Mon - Fri,ETF
KBWY.US,"Invesco KBW Premium Yield Equity REIT ETF (Dist, USD)",USD,50,0,0.30%,0.50%,15:30 - 22:00,Mon - Fri,ETF
KIE.US,"SPDR S&P Insurance ETF (Dist, USD)",USD,50,0,0.30%,0.50%,15:30 - 22:00,Mon - Fri,ETF
KRE.US,"Spdr Kbw Regional Banking (Etf) (Dist, USD) CFD",USD,50.0,0,0.30%,0.50%,15:30 - 22:00,Mon - Fri,ETF
KSA.US,"iShares MSCI Saudi Arabia ETF (Dist, USD)",USD,50,0,0.30%,0.50%,15:30 - 22:00,Mon - Fri,ETF
KWEB.US*,"CLOSE ONLY / KraneShares, DIST, USD",USD,50,0,0.30%,0.50%,15:30 - 22:00,Mon - Fri,ETF
KXI.US,"iShares Global Consumer Staples ETF (Dist, USD)",USD,50,0,0.30%,0.50%,15:30 - 22:00,Mon - Fri,ETF
L0CK.DE,"iShares, UCITS, ACC, EUR CFD",EUR,50,0,0.30%,0.50%,09:00 - 17:30,Mon - Fri,ETF
LOCK.UK,"iShares Digital Security UCITS ETF (Acc, USD) CFD",USD,100,0,0.30%,0.50%,09:00 - 17:30,Mon - Fri,ETF
LQD.US,iShares iBoxx $ Investment Grade Corporate Bond ETF CFD,USD,50,0,0.30%,0.50%,15:30 - 22:00,Mon - Fri,ETF
LRGF.US,"iShares US Equity Factor ETF (Dist, USD)",USD,50,0,0.30%,0.50%,15:30 - 22:00,Mon - Fri,ETF
LTPZ.US,"PIMCO 15+ Year US TIPS Index Fund (Dist, USD)",USD,50,0,0.30%,0.50%,15:30 - 22:00,Mon - Fri,ETF
LVHD.US,"Franklin US Low Volatility High Dividend Index (Dist, USD)",USD,50,0,0.30%,0.50%,15:30 - 22:00,Mon - Fri,ETF
LYP6.DE,"Amundi, UCITS, ACC, EUR CFD",EUR,50,0,0.30%,0.50%,09:00 - 17:30,Mon - Fri,ETF
MCHI.US,"iShares MSCI China ETF (Dist, USD) CFD (Cboe BZX Real-Time Quote)",USD,50,0,0.30%,0.50%,15:30 - 22:00,Mon - Fri,ETF
MDY.US,SPDR S&P Midcap 400 ETF CFD,USD,50,0,0.30%,0.50%,15:30 - 22:00,Mon - Fri,ETF
MDYG.US,"Spdr Dj Wilshire Mid Cap Growth Etf (Dist, USD)",USD,50,0,0.30%,0.50%,15:30 - 22:00,Mon - Fri,ETF
MDYV.US,"Spdr Dj Wilshire Mid Cap Value Etf (Dist, USD)",USD,50,0,0.30%,0.50%,15:30 - 22:00,Mon - Fri,ETF
METV.US,"Roundhill Ball Metaverse ETF (Dist, USD) CFD",USD,50,0,0.30%,0.50%,15:30 - 22:00,Mon - Fri,ETF
MFE.FR,"Lyxor Core MSCI EMU UCITS (Dist, EUR) CFD",EUR,50,0,0.30%,0.50%,09:00 - 17:30,Mon - Fri,ETF
MIDU.US,"Direxion Daily Mid Cap Bull 3X Shares ETF (Dist, USD)",USD,50,0,0.30%,0.50%,15:30 - 22:00,Mon - Fri,ETF
MLN.US,"VanEck Long Muni ETF (Dist, USD)",USD,50,0,0.30%,0.50%,15:30 - 22:00,Mon - Fri,ETF
MOO.US,"VanEck Agribusiness ETF (Dist, USD)",USD,50,0,0.30%,0.50%,15:30 - 22:00,Mon - Fri,ETF
MTUM.US,"iShares MSCI USA Momentum Factor ETF (Dist, ) CFD (Cboe BZX Real-Time QuoUteS)D",USD,50.0,0,0.30%,0.50%,15:30 - 22:00,Mon - Fri,ETF
NERD.US,"Roundhill Video Games ETF (Dist, USD)",USD,50,0,0.30%,0.50%,15:30 - 22:00,Mon - Fri,ETF
NLR.US,"VanEck Vectors Uranium+Nuclear Energy ETF CFD (Dist, USD)",USD,50,0,0.30%,0.50%,15:30 - 22:00,Mon - Fri,ETF
NUGT.US,"Direxion Daily Gold Miners Index Bull 2X Shares (Dist, USD) CFD",USD,50.0,0,0.30%,0.50%,15:30 - 22:00,Mon - Fri,ETF
NULG.US,"Nuveen ESG Large-Cap Growth ETF (Dist, USD)",USD,50,0,0.30%,0.50%,15:30 - 22:00,Mon - Fri,ETF
NUMG.US,"Nuveen ESG Mid-Cap Growth ETF (Dist, USD) CFD",USD,50,0,0.30%,0.50%,15:30 - 22:00,Mon - Fri,ETF
NUMV.US,"Nuveen ESG Mid-Cap Value ETF (Dist, USD)",USD,50,0,0.30%,0.50%,15:30 - 22:00,Mon - Fri,ETF
NUSC.US,"Nuveen ESG Small-Cap ETF (Dist, USD)",USD,50,0,0.30%,0.50%,15:30 - 22:00,Mon - Fri,ETF
NXTG.US,"First Trust Indxx NextG ETF (Dist, USD)",USD,50,0,0.30%,0.50%,15:30 - 22:00,Mon - Fri,ETF
OEF.US,iShares S&P 100 ETF CFD,USD,50,0,0.30%,0.50%,15:30 - 22:00,Mon - Fri,ETF
OIH.US,"VanEck Oil Services ETF (Dist, USD) CFD",USD,50.0,0,0.30%,0.50%,15:30 - 22:00,Mon - Fri,ETF
OUSM.US,"ALPS O'Shares US Small-Cap Quality Dividend ETF (Dist, USD)",USD,50,0,0.30%,0.50%,15:30 - 22:00,Mon - Fri,ETF
PALL.US,Aberdeen Standard Physical Palladium Shares ETF CFD,USD,50,0,0.30%,0.50%,15:30 - 22:00,Mon - Fri,ETF
PAVE.US,"Global X US Infrastructure Development ETF (Dist, USD)",USD,50,0,0.30%,0.50%,15:30 - 22:00,Mon - Fri,ETF
PBW.US,"Invesco WilderHill Clean Energy ETF (Dist, USD)",USD,50,0,0.30%,0.50%,15:30 - 22:00,Mon - Fri,ETF
PCEF.US,"Invesco CEF Income Composite ETF (Dist, USD)",USD,50,0,0.30%,0.50%,15:30 - 22:00,Mon - Fri,ETF
PCY.US,"Invesco Emerging Markets Sovereign Debt ETF (Dist, USD)",USD,50,0,0.30%,0.50%,15:30 - 22:00,Mon - Fri,ETF
PDP.US,"Invesco DWA Momentum ETF (Dist, USD)",USD,50,0,0.30%,0.50%,15:30 - 22:00,Mon - Fri,ETF
PFF.US,"iShares Preferred and Income Securities ETF (Dist, USD)",USD,50,0,0.30%,0.50%,15:30 - 22:00,Mon - Fri,ETF
PFM.US,"Invesco Dividend Achievers ETF (Dist, USD)",USD,50,0,0.30%,0.50%,15:30 - 22:00,Mon - Fri,ETF
PGF.US,"Invesco Financial Preferred ETF (Dist, USD)",USD,50,0,0.30%,0.50%,15:30 - 22:00,Mon - Fri,ETF
PGJ.US,"Invesco Golden Dragon China ETF (Dist, USD)",USD,50,0,0.30%,0.50%,15:30 - 22:00,Mon - Fri,ETF
PHO.US,"Invesco Water Resources ETF (Dist, USD)",USD,50,0,0.30%,0.50%,15:30 - 22:00,Mon - Fri,ETF
PID.US,"Invesco International Dividend Achievers ETF (Dist, USD)",USD,50,0,0.30%,0.50%,15:30 - 22:00,Mon - Fri,ETF
PIN.US*,"CLOSE ONLY / Invesco, DIST, USD",USD,50,0,0.30%,0.50%,15:30 - 22:00,Mon - Fri,ETF
PIO.US,"Invesco Global Water ETF (Dist, USD) CFD",USD,50.0,0,0.30%,0.50%,15:30 - 22:00,Mon - Fri,ETF
PIZ.US,"Invesco DWA Developed Markets Momentum ETF (Dist, USD)",USD,50,0,0.30%,0.50%,15:30 - 22:00,Mon - Fri,ETF
PKB.US,"Invesco Dynamic Building & Construction ETF (Dist, USD)",USD,50,0,0.30%,0.50%,15:30 - 22:00,Mon - Fri,ETF
PKW.US,"Invesco Buyback Achievers ETF (Dist, USD)",USD,50,0,0.30%,0.50%,15:30 - 22:00,Mon - Fri,ETF
PPA.US,"Invesco Aerospace & Defense ETF (Dist, USD) CFD",USD,50.0,0,0.30%,0.50%,15:30 - 22:00,Mon - Fri,ETF
PPLT.US,Physical Platinum Shares ETF CFD,USD,50,0,0.30%,0.50%,15:30 - 22:00,Mon - Fri,ETF
PRN.US,"Invesco DWA Industrials Momentum ETF (Dist, USD)",USD,50,0,0.30%,0.50%,15:30 - 22:00,Mon - Fri,ETF
PSCC.US,"Invesco S&P SmallCap Consumer Staples ETF (Dist, USD)",USD,50,0,0.30%,0.50%,15:30 - 22:00,Mon - Fri,ETF
PSCD.US,"Invesco S&P SmallCap Cnsmr Discretionary ETF (Dist, USD)",USD,50,0,0.30%,0.50%,15:30 - 22:00,Mon - Fri,ETF
PSCE.US,"Invesco S&P SmallCap Energy ETF (Dist, USD)",USD,50,0,0.30%,0.50%,15:30 - 22:00,Mon - Fri,ETF
PSCF.US,"Invesco S&P SmallCap Financials ETF (Dist, USD)",USD,50,0,0.30%,0.50%,15:30 - 22:00,Mon - Fri,ETF
PSCH.US,"Invesco S&P SmallCap Health Care ETF (Dist, USD)",USD,50,0,0.30%,0.50%,15:30 - 22:00,Mon - Fri,ETF
PSCI.US,"Invesco S&P SmallCap Industrials ETF (Dist, USD)",USD,50,0,0.30%,0.50%,15:30 - 22:00,Mon - Fri,ETF
PSCM.US,"Invesco S&P SmallCap Materials ETF (Dist, USD)",USD,50,0,0.30%,0.50%,15:30 - 22:00,Mon - Fri,ETF
PSCT.US,"Invesco S&P SmallCap Information Tech ETF (Dist, USD)",USD,50,0,0.30%,0.50%,15:30 - 22:00,Mon - Fri,ETF
PSCU.US,"Invesco S&P SmallCap Utilities & Comm Svcs (Dist, USD)",USD,50,0,0.30%,0.50%,15:30 - 22:00,Mon - Fri,ETF
PSQ.US,ProShares Short QQQ ETF CFD,USD,50,0,0.30%,0.50%,15:30 - 22:00,Mon - Fri,ETF
PTH.US,"Invesco DWA Healthcare Momentum ETF (Dist, USD)",USD,50,0,0.30%,0.50%,15:30 - 22:00,Mon - Fri,ETF
PUI.US,"Invesco DWA Utilities Momentum ETF (Dist, USD)",USD,50,0,0.30%,0.50%,15:30 - 22:00,Mon - Fri,ETF
PWB.US,"Invesco Dynamic Large Cap Growth ETF (Dist, USD)",USD,50,0,0.30%,0.50%,15:30 - 22:00,Mon - Fri,ETF
QABA.US,"First Trust NASDAQ ABA Community Bank Index Fund (Dist, USD)",USD,50,0,0.30%,0.50%,15:30 - 22:00,Mon - Fri,ETF
QCLN.US,"First Trust NASDAQ Clean Edge Green Energy Idx Fd (Dist, USD)",USD,50,0,0.30%,0.50%,15:30 - 22:00,Mon - Fri,ETF
QDVD.DE,"iShares, UCITS, DIST, EUR CFD",EUR,50,0,0.30%,0.50%,09:00 - 17:30,Mon - Fri,ETF
QID.US,ProShares UltraShort QQQ ETF CFD,USD,50,0,0.30%,0.50%,15:30 - 22:00,Mon - Fri,ETF
QLD.US,ProShares Ultra QQQ ETF CFD,USD,50,0,0.30%,0.50%,15:30 - 22:00,Mon - Fri,ETF
QLTA.US,"iShares Aaa - A Rated Corporate Bond ETF (Dist, USD)",USD,50,0,0.30%,0.50%,15:30 - 22:00,Mon - Fri,ETF
QQQ.US,PowerShares QQQ Trust Series 1 ETF CFD,USD,50,0,0.30%,0.50%,15:30 - 22:00,Mon - Fri,ETF
QQQH.US,"Nationwide Nasdaq-100 Risk-Managed Income ETF (Dist, USD)",USD,50,0,0.30%,0.50%,15:30 - 22:00,Mon - Fri,ETF
QQQJ.US,"Invesco NASDAQ Next Gen 100 ETF (Dist, USD)",USD,50,0,0.30%,0.50%,15:30 - 22:00,Mon - Fri,ETF
QUAL.US,"iShares MSCI USA Quality Factor ETF (Dist, USD)",USD,50,0,0.30%,0.50%,15:30 - 22:00,Mon - Fri,ETF
QYLD.US,"Global X NASDAQ 100 Covered Call ETF (Dist, USD) CFD",USD,50,0,0.30%,0.50%,15:30 - 22:00,Mon - Fri,ETF
RBOT.UK,iShares Automation & Robotics UCITS (Acc USD) CFD,USD,100,0,0.30%,0.50%,09:00 - 17:30,Mon - Fri,ETF
REET.US,"iShares Global REIT ETF (Dist, USD)",USD,50,0,0.30%,0.50%,15:30 - 22:00,Mon - Fri,ETF
REK.US,"ProShares Short Real Estate (Dist, USD)",USD,50,0,0.30%,0.50%,15:30 - 22:00,Mon - Fri,ETF
REM.US,"iShares Mortgage Real Estate ETF (Dist, USD)",USD,50,0,0.30%,0.50%,15:30 - 22:00,Mon - Fri,ETF
REMX.US,VanEck Vectors Rare Earth ETF CFD,USD,50,0,0.30%,0.50%,15:30 - 22:00,Mon - Fri,ETF
REW.US,"ProShares UltraShort Technology (Dist, USD)",USD,50,0,0.30%,0.50%,15:30 - 22:00,Mon - Fri,ETF
REZ.US,"iShares Residential and Multisector Real Estate (Dist, USD)",USD,50,0,0.30%,0.50%,15:30 - 22:00,Mon - Fri,ETF
RING.US,"iShares, Inc. - iShares MSCI Global Gold Miners ETF (Dist, USD)",USD,50,0,0.30%,0.50%,15:30 - 22:00,Mon - Fri,ETF
ROBO.IT,L&G ROBO Global Robotics and Automation (Acc EUR) CFD,EUR,50,0,0.30%,0.50%,09:00 - 17:30,Mon - Fri,ETF
ROBO.US,"ROBO Global Robotics and Automation Index ETF (Dist, USD)",USD,50,0,0.30%,0.50%,15:30 - 22:00,Mon - Fri,ETF
ROM.US,"ProShares Ultra Technology (Dist, USD)",USD,50,0,0.30%,0.50%,15:30 - 22:00,Mon - Fri,ETF
RPG.US,Invesco S&P 500 Pure Growth ETF CFD,USD,50,0,0.30%,0.50%,15:30 - 22:00,Mon - Fri,ETF
RSP.US,Guggenheim S&P 500 Equal Weight ETF CFD,USD,50,0,0.30%,0.50%,15:30 - 22:00,Mon - Fri,ETF
RSPG.US,"Invesco S&P 500 Eql Wght Energy ETF (Dist, USD)",USD,50,0,0.30%,0.50%,15:30 - 22:00,Mon - Fri,ETF
RSPH.US,"Invesco S&P 500 Eql Wght Health Care ETF (Dist, USD)",USD,50,0,0.30%,0.50%,15:30 - 22:00,Mon - Fri,ETF
RSPN.US,"Invesco S&P 500 Eql Wght Industrials ETF (Dist, USD)",USD,50,0,0.30%,0.50%,15:30 - 22:00,Mon - Fri,ETF
RSPS.US,"Invesco S&P 500 Eql Wght Con Staples ETF (Dist, USD)",USD,50,0,0.30%,0.50%,15:30 - 22:00,Mon - Fri,ETF
RSPT.US,"Invesco S&P 500 Eql Wght Technology ETF (Dist, USD)",USD,50,0,0.30%,0.50%,15:30 - 22:00,Mon - Fri,ETF
RSPU.US,Invesco S&P 500 Eql Wght Utilities ETF,USD,50,0,0.30%,0.50%,15:30 - 22:00,Mon - Fri,ETF
RWJ.US,"Invesco S&P SmallCap 600 Revenue ETF (Dist, USD)",USD,50,0,0.30%,0.50%,15:30 - 22:00,Mon - Fri,ETF
RWL.US,"Invesco S&P 500 Revenue ETF (Dist, USD)",USD,50,0,0.30%,0.50%,15:30 - 22:00,Mon - Fri,ETF
RWM.US,ProShares Short Russell2000 CFD,USD,50,0,0.30%,0.50%,15:30 - 22:00,Mon - Fri,ETF
RWO.US,"SPDR Dow Jones Global Real Estate ETF (Dist, USD)",USD,50,0,0.30%,0.50%,15:30 - 22:00,Mon - Fri,ETF
RWR.US,"Dj Wilshire Reit Etf (Dist, USD)",USD,50,0,0.30%,0.50%,15:30 - 22:00,Mon - Fri,ETF
SCHD.US,Schwab US Dividend Equity ETF CFD,USD,50,0,0.30%,0.50%,15:30 - 22:00,Mon - Fri,ETF
SCHD.US,"Schwab US Dividend Equity ETF (Dist, USD) CFD",USD,50,0,0.30%,0.50%,15:30 - 22:00,Mon - Fri,ETF
SCHF.US,"Schwab International Equity ETF (Dist, USD) CFD (Cboe BZX Real-Time Quote)",USD,50.0,0,0.30%,0.50%,15:30 - 22:00,Mon - Fri,ETF
SCHG.US,"Schwab US Large-Cap Growth ETF (Dist, USD)",USD,50,0,0.30%,0.50%,15:30 - 22:00,Mon - Fri,ETF
SCJ.US,"iShares MSCI Japan Small-Cap ETF (Dist, USD)",USD,50,0,0.30%,0.50%,15:30 - 22:00,Mon - Fri,ETF
SCZ.US,"Ishares Msci Eafe Small Cap Index Fund (Dist, ) CFD (Cboe BZX Real-Time QuoteU)SD",USD,50.0,0,0.30%,0.50%,15:30 - 22:00,Mon - Fri,ETF
SDIV.US,"Global X SuperDividend ETF (Dist, USD)",USD,50,0,0.30%,0.50%,15:30 - 22:00,Mon - Fri,ETF
SDOG.US,"ALPS Sector Dividend Dogs ETF (Dist, USD)",USD,50,0,0.30%,0.50%,15:30 - 22:00,Mon - Fri,ETF
SDOW.US,"ProShares UltraPro Short Dow30 (Dist, USD) CFD",USD,50.0,0,0.30%,0.50%,15:30 - 22:00,Mon - Fri,ETF
SDS.US,"ProShares UltraShort S&P500 (Dist, USD) CFD",USD,50.0,0,0.30%,0.50%,15:30 - 22:00,Mon - Fri,ETF
SGAS.DE,"iShares, UCITS, ACC, EUR CFD",EUR,50,0,0.30%,0.50%,09:00 - 17:30,Mon - Fri,ETF
SGOL.US,"abrdn Physical Gold Shares ETF (Dist, USD)",USD,50,0,0.30%,0.50%,15:30 - 22:00,Mon - Fri,ETF
SH.US,ProShares Short S&P500 ETF CFD,USD,50,0,0.30%,0.50%,15:30 - 22:00,Mon - Fri,ETF
SHV.US,"Ishares Barclays Short Treasury Bond Fund (Dist, USD) CFD",USD,50.0,0,0.30%,0.50%,15:30 - 22:00,Mon - Fri,ETF
SHY.US,iShares 1-3 Year Treasury Bond ETF CFD,USD,50,0,0.30%,0.50%,15:30 - 22:00,Mon - Fri,ETF
SIL.US,Global X Silver Miners ETF CFD,USD,50,0,0.30%,0.50%,15:30 - 22:00,Mon - Fri,ETF
SILJ.US,ETFMG Prime Junior Silver Miners ETF CFD,USD,52,0,0.30%,0.50%,15:30 - 22:00,Mon - Fri,ETF
SIVR.US,"abrdn Physical Silver Shares ETF (Dist, USD)",USD,50,0,0.30%,0.50%,15:30 - 22:00,Mon - Fri,ETF
SIZE.US,"iShares MSCI USA Size Factor ETF (Dist, USD)",USD,50,0,0.30%,0.50%,15:30 - 22:00,Mon - Fri,ETF
SJB.US,"ProShares Short High Yield (Dist, USD)",USD,50,0,0.30%,0.50%,15:30 - 22:00,Mon - Fri,ETF
SLV.US,iShares Silver Trust ETF CFD,USD,50,0,0.30%,0.50%,15:30 - 22:00,Mon - Fri,ETF
SLYG.US,"Spdr Dj Wilshire Small Cap Growth Etf (Dist, USD)",USD,50,0,0.30%,0.50%,15:30 - 22:00,Mon - Fri,ETF
SMH.US,"VanEck Vectors Semiconductor ETF CFD (Dist, USD)",USD,50,0,0.30%,0.50%,15:30 - 22:00,Mon - Fri,ETF
SMIN.US,"iShares MSCI India Small-Cap ETF (Dist, USD)",USD,50,0,0.30%,0.50%,15:30 - 22:00,Mon - Fri,ETF
SOXL.US,Direxion Daily Semiconductors Bull 3x Shares CFD,USD,50,0,0.30%,0.50%,15:30 - 22:00,Mon - Fri,ETF
SOXX.US,iShares PHLX Semiconductor ETF CFD,USD,50,0,0.30%,0.50%,15:30 - 22:00,Mon - Fri,ETF
SPHB.US,"Invesco S&P 500 High Beta ETF (Dist, USD)",USD,50,0,0.30%,0.50%,15:30 - 22:00,Mon - Fri,ETF
SPHD.US,Invesco S&P 500 High Dividend Low Volatility UCITS (Dist USD) CFD,USD,50,0,0.30%,0.50%,15:30 - 22:00,Mon - Fri,ETF
SPLG.US*,"CLOSE ONLY / SPDR, DIST, USD",USD,50,0,0.30%,0.50%,15:30 - 22:00,Mon - Fri,ETF
SPLV.US,PowerShares S&P 500 Low Volatility Portfolio ETF CFD,USD,50,0,0.30%,0.50%,15:30 - 22:00,Mon - Fri,ETF
SPMO.US,"Invesco S&P 500 Momentum ETF (Dist, USD)",USD,50,0,0.30%,0.50%,15:30 - 22:00,Mon - Fri,ETF
SPSM.US,"SPDR Portfolio S&P 600 Small Cap ETF (Dist, USD)",USD,50,0,0.30%,0.50%,15:30 - 22:00,Mon - Fri,ETF
SPXL.US,"Direxion Daily S&P 500 Bull 3X Shares (Dist, USD) CFD",USD,50,0,0.30%,0.50%,15:30 - 22:00,Mon - Fri,ETF
SPXS.US,"Large Cap Bear 3x Shares (Dist, USD)",USD,50,0,0.30%,0.50%,15:30 - 22:00,Mon - Fri,ETF
SPXU.US,"ProShares UltraPro Short S&P500 (Dist, USD) CFD",USD,50.0,0,0.30%,0.50%,15:30 - 22:00,Mon - Fri,ETF
SPY.US,SDPR S&P 500 Trust ETF CFD,USD,50,0,0.30%,0.50%,15:30 - 22:00,Mon - Fri,ETF
SPYD.US,"SPDR Portfolio S&P 500 High Dividend ETF (Dist, USD)",USD,50,0,0.30%,0.50%,15:30 - 22:00,Mon - Fri,ETF
SPYG.US,"SPDR Portfolio S&P 500 Growth ETF (Dist, USD)",USD,50,0,0.30%,0.50%,15:30 - 22:00,Mon - Fri,ETF
SPYI.DE*,SPDR MSCI ACWI IMI UCITS (Acc EUR),EUR,50,0,0.30%,0.50%,09:00 - 17:30,Mon - Fri,ETF
SPYM.US,"SPDR, DIST, USD",USD,50.0,0,0.30%,0.50%,15:30 - 22:00,Mon - Fri,ETF
SPYW.DE,"SPDR S&P Euro Dividend Aristocrats ETF (Dist, EUR) CFD",EUR,50,0,0.30%,0.50%,09:00 - 17:30,Mon - Fri,ETF
SPYX.US,"SPDR S&P 500 Fossil Fuel Reserves Free ETF (Dist, USD)",USD,50,0,0.30%,0.50%,15:30 - 22:00,Mon - Fri,ETF
SRET.US,"Global X SuperDividend REIT ETF (Dist, USD)",USD,50,0,0.30%,0.50%,15:30 - 22:00,Mon - Fri,ETF
SSO.US,Proshares Ultra S&P 500 ETF CFD,USD,50,0,0.30%,0.50%,15:30 - 22:00,Mon - Fri,ETF
SUAS.UK,"iShares MSCI USA SRI UCITS ETF (Acc, USD) CFD",USD,100,0,0.30%,0.50%,09:00 - 17:30,Mon - Fri,ETF
SUSA.US,"iShares MSCI USA ESG Select ETF (Dist, USD)",USD,50,0,0.30%,0.50%,15:30 - 22:00,Mon - Fri,ETF
SVXY.US*,"CLOSE ONLY / ProShares, DIST, USD",USD,50,0,0.30%,0.50%,15:30 - 22:00,Mon - Fri,ETF
SXMPEX.DE,"iShares, UCITS, DIST, EUR CFD",EUR,50,0,0.30%,0.50%,09:00 - 17:30,Mon - Fri,ETF
SXOPEX.DE,"iShares STOXX Europe 600 Constr & Materials (Dist, EUR) CFD",EUR,50,0,0.30%,0.50%,09:00 - 17:30,Mon - Fri,ETF
SXR4.DE,"iShares, UCITS, ACC, EUR CFD",EUR,50,0,0.30%,0.50%,09:00 - 17:30,Mon - Fri,ETF
SXRS.DE,"iShares Diversified Commodity Swap UCITS ETF USD A (Acc, EUR) CFD",EUR,50,0,0.30%,0.50%,09:00 - 17:30,Mon - Fri,ETF
SXRW.DE,"iShares CoreFTSE 100 UCITS ETF (Acc, EUR) CFD",EUR,50,0,0.30%,0.50%,09:00 - 17:30,Mon - Fri,ETF
SXXPIEX.DE,"iShares STOXX Europe 600 UCITS ETF (Dist, EUR) CFD",EUR,50,0,0.30%,0.50%,09:00 - 17:30,Mon - Fri,ETF
TAN.US,"Invesco Solar ETF (Dist, USD)",USD,50,0,0.30%,0.50%,15:30 - 22:00,Mon - Fri,ETF
TBF.US,"ProShares Short 20+ Yr Treasury (Dist, USD)",USD,50,0,0.30%,0.50%,15:30 - 22:00,Mon - Fri,ETF
TBT.US,ProShares UltraShort 20+ Year ETF CFD,USD,50,0,0.30%,0.50%,15:30 - 22:00,Mon - Fri,ETF
TECL.US,"Direxion Daily Technology Bull 3X Shares ETF (Dist, USD)",USD,50,0,0.30%,0.50%,15:30 - 22:00,Mon - Fri,ETF
TIP.US,iShares TIPS Bond ETF CFD,USD,50,0,0.30%,0.50%,15:30 - 22:00,Mon - Fri,ETF
TIPZ.US,"PIMCO Broad US TIPS Index Fund (Dist, USD)",USD,50,0,0.30%,0.50%,15:30 - 22:00,Mon - Fri,ETF
TLH.US,"iShares 10-20 Year Treasury Bond ETF (Dist, USD)",USD,50,0,0.30%,0.50%,15:30 - 22:00,Mon - Fri,ETF
TLT.US,iShares 20+ Year Treasury Bond ETF CFD,USD,50,0,0.30%,0.50%,15:30 - 22:00,Mon - Fri,ETF
TMFC.US,"Motley Fool 100 Index ETF (Dist, USD)",USD,50,0,0.30%,0.50%,15:30 - 22:00,Mon - Fri,ETF
TMV.US,"Direxion Daily 20+ Year Treasury Bear 3x Shares (Dist, USD) CFD",USD,50.0,0,0.30%,0.50%,15:30 - 22:00,Mon - Fri,ETF
TNA.US,Direxion Daily Small Cap Bull 3X Shares ETF CFD,USD,50,0,0.30%,0.50%,15:30 - 22:00,Mon - Fri,ETF
TNO.FR,Lyxor STOXX Europe 600 Technology UCITS ETF (Dist EUR) CFD,EUR,50,0,0.30%,0.50%,09:00 - 17:30,Mon - Fri,ETF
TQQQ.US,ProShares UltraPro QQQ ETF CFD,USD,50,0,0.30%,0.50%,15:30 - 22:00,Mon - Fri,ETF
TUR.FR,"Lyxor MSCI Turkey UCITS ETF (Acc, EUR) CFD",EUR,50,0,0.30%,0.50%,09:00 - 17:30,Mon - Fri,ETF
TUR.US*,"CLOSE ONLY / iShares, DIST, USD",USD,50,0,0.30%,0.50%,15:30 - 22:00,Mon - Fri,ETF
TWM.US,ProShares UltraShort Russell2000 ETF CFD,USD,50,0,0.30%,0.50%,15:30 - 22:00,Mon - Fri,ETF
TYO.US,"Direxion Daily 7-10 Year Treasury Bear 3X Shares (Dist, USD)",USD,50,0,0.30%,0.50%,15:30 - 22:00,Mon - Fri,ETF
TZA.US,"Direxion Daily Small Cap Bear 3X Shares (Dist, USD) CFD",USD,50,0,0.30%,0.50%,15:30 - 22:00,Mon - Fri,ETF
UBU9.DE,"UBS, UCITS, DIST, EUR CFD",EUR,50,0,0.30%,0.50%,09:00 - 17:30,Mon - Fri,ETF
UBUJ.DE,"UBS, UCITS, ACC, EUR CFD",EUR,50,0,0.30%,0.50%,09:00 - 17:30,Mon - Fri,ETF
UDOW.US,ProShares UltraPro Dow30 CFD,USD,50,0,0.30%,0.50%,15:30 - 22:00,Mon - Fri,ETF
UPRO.US,ProShares UltraPro S&P 500 CFD,USD,50,0,0.30%,0.50%,15:30 - 22:00,Mon - Fri,ETF
URA.US,Global X Uranium ETF CFD,USD,50,0,0.30%,0.50%,15:30 - 22:00,Mon - Fri,ETF
URNM.US,"North Shore Global Uranium Mining ETF CFD (Dist, USD)",USD,50,0,0.30%,0.50%,15:30 - 22:00,Mon - Fri,ETF
URTY.US,"ProShares UltraPro Russell2000 (Dist, USD)",USD,50,0,0.30%,0.50%,15:30 - 22:00,Mon - Fri,ETF
USMV.US,"iShares Trust - iShares MSCI USA Min Vol Factor ETF (Dist, ) CFD (Cboe BZX ReaUl-TSiDme Quote)",USD,50.0,0,0.30%,0.50%,15:30 - 22:00,Mon - Fri,ETF
USO.US*,CLOSE ONLY / United States Oil Fund LP (USD) CFD,USD,50,0,0.30%,0.50%,15:30 - 22:00,Mon - Fri,ETF
USRT.US,iShares Core US REIT (Dist USD),USD,50,0,0.30%,0.50%,15:30 - 22:00,Mon - Fri,ETF
UST.FR,Lyxor Nasdaq-100 UCITS ETF CFD (Acc EUR),EUR,50,0,0.30%,0.50%,09:00 - 17:30,Mon - Fri,ETF
UUP.US*,"CLOSE ONLY / Invesco, DIST, USD",USD,50,0,0.30%,0.50%,15:30 - 22:00,Mon - Fri,ETF
UWM.US,"ProShares Ultra Russell2000 (Dist, USD)",USD,50,0,0.30%,0.50%,15:30 - 22:00,Mon - Fri,ETF
UYG.US,"ProShares Ultra Financials (Dist, USD)",USD,50,0,0.30%,0.50%,15:30 - 22:00,Mon - Fri,ETF
VAW.US,"Vanguard Materials Index Fund (Dist, USD)",USD,50,0,0.30%,0.50%,15:30 - 22:00,Mon - Fri,ETF
VDC.US,"Vanguard Consumer Staples Index Fund (Dist, USD) CFD",USD,50.0,0,0.30%,0.50%,15:30 - 22:00,Mon - Fri,ETF
VEA.US,Vanguard FTSE Developed Market ETF CFD,USD,50,0,0.30%,0.50%,15:30 - 22:00,Mon - Fri,ETF
VGEU.DE,"Vanguard, UCITS, DIST, EUR CFD",EUR,50,0,0.30%,0.50%,09:00 - 17:30,Mon - Fri,ETF
VGT.US,Vanguard Information Technology ETF CFD,USD,50,0,0.30%,0.50%,15:30 - 22:00,Mon - Fri,ETF
VGWD.DE,"Vanguard FTSE All-World High Div Yield UCITS (Dist, EUR) CFD",EUR,50,0,0.30%,0.50%,09:00 - 17:30,Mon - Fri,ETF
VIS.US,"Vanguard Industrials Etf (Dist, USD)",USD,50,0,0.30%,0.50%,15:30 - 22:00,Mon - Fri,ETF
VJPN.DE,"Vanguard, UCITS, DIST, EUR CFD",EUR,50,0,0.30%,0.50%,09:00 - 17:30,Mon - Fri,ETF
VNM.US,"VanEck Vietnam ETF (Dist, USD)",USD,50,0,0.30%,0.50%,15:30 - 22:00,Mon - Fri,ETF
VNQ.US,"Vanguard REIT ETF (Dist, USD) CFD",USD,50,0,0.30%,0.50%,15:30 - 22:00,Mon - Fri,ETF
VOE.US,"Vanguard Mid-Cap Value Index Fund (Dist, USD)",USD,50,0,0.30%,0.50%,15:30 - 22:00,Mon - Fri,ETF
VOT.US,"Vanguard Mid-Cap Growth Index Fund (Dist, USD)",USD,50,0,0.30%,0.50%,15:30 - 22:00,Mon - Fri,ETF
VPL.US,"Vanguard Pacific Stock Index Fund (Dist, USD)",USD,50,0,0.30%,0.50%,15:30 - 22:00,Mon - Fri,ETF
VSGX.US,"Vanguard ESG International Stock ETF (Dist, USD)",USD,50,0,0.30%,0.50%,15:30 - 22:00,Mon - Fri,ETF
VT.US,Vanguard Total World Stock ETF CFD,USD,50,0,0.30%,0.50%,15:30 - 22:00,Mon - Fri,ETF
VTI.US,Vanguard Total Stock Market ETF CFD,USD,50,0,0.30%,0.50%,15:30 - 22:00,Mon - Fri,ETF
VUAA.UK,"Vanguard S&P 500 UCITS ETF USD (Acc, USD) CFD",USD,100,0,0.30%,0.50%,09:00 - 17:30,Mon - Fri,ETF
VUG.US,"Vanguard Growth Index Fund (Dist, USD) CFD",USD,50,0,0.30%,0.50%,15:30 - 22:00,Mon - Fri,ETF
VUSE.US,"Vident US Equity Strategy ETF (Dist, USD)",USD,50,0,0.30%,0.50%,15:30 - 22:00,Mon - Fri,ETF
VWO.US*,"CLOSE ONLY / Vanguard, DIST, USD",USD,50,0,0.30%,0.50%,15:30 - 22:00,Mon - Fri,ETF
VXX.US,iPath Series B S&P 500 VIX Short-Term Futures ETN CFD,USD,50,0,0.30%,0.50%,15:30 - 22:00,Mon - Fri,ETF
WCLD.US,"WisdomTree Cloud Computing Fund (Dist, USD)",USD,50,0,0.30%,0.50%,15:30 - 22:00,Mon - Fri,ETF
WOOD.UK,iShares Global Timber & Forestry UCITS (Dist GBP) CFD,GBP,100,0,0.30%,0.50%,09:00 - 17:30,Mon - Fri,ETF
XAR.US,"SPDR S&P Aerospace & Defense ETF (Dist, USD)",USD,50,0,0.30%,0.50%,15:30 - 22:00,Mon - Fri,ETF
XBI.US,"SPDR Series Trust - SPDR S&P Biotech ETF (Dist, USD) CFD",USD,50.0,0,0.30%,0.50%,15:30 - 22:00,Mon - Fri,ETF
XES.US,"SPDR S&P Oil & Gas Equipment & Services ETF (Dist, USD)",USD,50,0,0.30%,0.50%,15:30 - 22:00,Mon - Fri,ETF
XHB.US,SPDR S&P Homebuilders ETF CFD,USD,50,0,0.30%,0.50%,15:30 - 22:00,Mon - Fri,ETF
XLC.US,"Select Sector SPDR Trust - Communication Services Select Sector SPDR Fund (Dist, UUSSDD)",USD,50,0,0.30%,0.50%,15:30 - 22:00,Mon - Fri,ETF
XLE.US,Energy Select Sector SPDR Fund ETF CFD,USD,50,0,0.30%,0.50%,15:30 - 22:00,Mon - Fri,ETF
XLF.US,Financial Select Sector SPDR ETF CFD,USD,50,0,0.30%,0.50%,15:30 - 22:00,Mon - Fri,ETF
XLG.US,"Invesco S&P 500 Top 50 ETF (Dist, USD)",USD,50,0,0.30%,0.50%,15:30 - 22:00,Mon - Fri,ETF
XLI.US,Industrial Select Sector SPDR ETF CFD,USD,50,0,0.30%,0.50%,15:30 - 22:00,Mon - Fri,ETF
XLK.US,Technology Select Sector SPDR ETF CFD,USD,50,0,0.30%,0.50%,15:30 - 22:00,Mon - Fri,ETF
XLP.US,Consumer Staples Select Sector ETF CFD,USD,50,0,0.30%,0.50%,15:30 - 22:00,Mon - Fri,ETF
XLRE.US,"Select Sector SPDR Trust - Real Estate Select Sector SPDR Fund (Dist, USD) CFD",USD,50.0,0,0.30%,0.50%,15:30 - 22:00,Mon - Fri,ETF
XLU.US,Utilities Select Sector SPDR ETF CFD,USD,50,0,0.30%,0.50%,15:30 - 22:00,Mon - Fri,ETF
XLV.US,Health Care Select Sector SPDR ETF CFD,USD,50,0,0.30%,0.50%,15:30 - 22:00,Mon - Fri,ETF
XLY.US,Consumer Discretionary Select ETF CFD,USD,50,0,0.30%,0.50%,15:30 - 22:00,Mon - Fri,ETF
XME.US,SPDR S&P Metals & Mining ETF CFD,USD,50,0,0.30%,0.50%,15:30 - 22:00,Mon - Fri,ETF
XMJP.DE,"Xtrackers MSCI Japan UCITS ETF (Acc, EUR) CFD",EUR,50,0,0.30%,0.50%,09:00 - 17:30,Mon - Fri,ETF
XOP.US,SPDR S&P Oil & Gas Exploration ETF CFD,USD,50,0,0.30%,0.50%,15:30 - 22:00,Mon - Fri,ETF
XPH.US,"Spdr S&P Pharmaceuticals Etf (Dist, USD)",USD,50,0,0.30%,0.50%,15:30 - 22:00,Mon - Fri,ETF
XRT.US,SPDR S&P Retail ETF CFD,USD,50,0,0.30%,0.50%,15:30 - 22:00,Mon - Fri,ETF
XSD.US,"Spdr S&P Semiconductor Etf (Dist, USD)",USD,50,0,0.30%,0.50%,15:30 - 22:00,Mon - Fri,ETF
XSW.US,"SPDR S&P Software & Services ETF (Dist, USD)",USD,50,0,0.30%,0.50%,15:30 - 22:00,Mon - Fri,ETF
XTN.US,SPDR S&P Transportation ETF,USD,50,0,0.30%,0.50%,15:30 - 22:00,Mon - Fri,ETF
XX2D.DE,"Xtrackers FTSE China 50 UCITS ETF (Acc, EUR) CFD",EUR,50,0,0.30%,0.50%,09:00 - 17:30,Mon - Fri,ETF
XYLD.US,"Global X S&P 500 Covered Call ETF (Dist, USD) CFD",USD,54,0,0.30%,0.50%,15:30 - 22:00,Mon - Fri,ETF
XZMJ.DE,"Xtrackers, UCITS, ACC, EUR CFD",EUR,50,0,0.30%,0.50%,09:00 - 17:30,Mon - Fri,ETF
YINN.US,"Direxion Daily FTSE China Bull 3x Shares (Dist, ) CFD (Cboe BZX Real-Time QuotUe)SD",USD,50.0,0,0.30%,0.50%,15:30 - 22:00,Mon - Fri,ETF
ZPRG.DE,"SPDR, UCITS, DIST, EUR CFD",EUR,50,0,0.30%,0.50%,09:00 - 17:30,Mon - Fri,ETF
ZPRL.DE,"SPDR Euro Stoxx Low Volatility UCITS (Acc, EUR) CFD",EUR,50,0,0.30%,0.50%,09:00 - 17:30,Mon - Fri,ETF
ZROZ.US,"PIMCO 25+ Year Zero Coupon US Treasury Index ETF (Dist, USD)",USD,50,0,0.30%,0.50%,15:30 - 22:00,Mon - Fri,ETF
